id,nom,prenom,email,telephone
1497,Brown,Carol,matthewsteele@allison.biz,+33 626 444 5334
169,Jiles,Marissa,mjiles4o@mac.com,+7 464 383 6568
354,Heiton,Abagael,aheiton9t@mysql.com,+46 541 117 3150
469,Franchi,Valentino,vfranchid0@hexun.com,+504 793 794 7232
1411,Carter,Laurie,michaelalexander@gmail.com,+44 662 752 9083
1511,Johnson,Richard,bonnie40@yahoo.com,+34 639 923 8379
60,McGrorty,Terri,tmcgrorty1n@twitter.com,+48 843 180 9023
416,Gullane,Haze,hgullanebj@dedecms.com,+1 326 445 4409
716,Chartres,Ray,rchartresjv@google.pl,+593 252 595 8418
355,MacArte,Sanders,smacarte9u@walmart.com,+53 691 462 6655
31,Pasterfield,Ogdon,opasterfieldu@dailymail.co.uk,+506 592 651 6729
1281,Wong,Roberto,tonya44@hotmail.com,+34 659 295 8229
859,Dumbelton,Clyve,cdumbeltonnu@bigcartel.com,+63 311 403 6082
1527,Williams,Ryan,michaelgordon@hotmail.com,+1 711 549 2719
652,Asif,Zacharie,zasifi3@theatlantic.com,+86 566 671 2470
1504,Jennings,Shari,clarkcindy@cox.biz,+49 610 574 8139
375,Duley,Isak,iduleyae@ameblo.jp,+381 489 421 9231
352,Auston,Grantley,gauston9r@i2i.jp,+60 972 282 3621
1507,Miller,Melissa,pattonjasmine@baldwin-moore.com,+34 737 802 2517
980,Wythill,Edlin,ewythillr7@wisc.edu,+86 936 769 0289
959,Dracksford,Marjorie,mdracksfordqm@alexa.com,+62 592 573 6449
1503,Patrick,Joseph,ocantrell@garcia-martin.net,+49 763 508 6951
983,Demeza,Arman,ademezara@xing.com,+55 663 257 1394
635,Corson,Filia,fcorsonhm@canalblog.com,+976 325 339 4674
163,Jeffs,Caryn,cjeffs4i@nature.com,+30 112 870 8577
381,Muzzullo,Beaufort,bmuzzulloak@google.nl,+507 164 163 2501
241,Reinhard,Agnese,areinhard6o@cafepress.com,+7 612 130 8529
275,Wardhaw,Louise,lwardhaw7m@sourceforge.net,+86 585 830 6638
262,Vasilenko,Merola,mvasilenko79@bing.com,+86 696 376 2718
567,Mc Pake,Stephen,smcpakefq@pcworld.com,+374 286 185 5688
788,Goady,Judie,jgoadylv@weebly.com,+55 277 704 1925
125,Sexti,Pooh,psexti3g@cbslocal.com,+386 154 104 0921
1008,Baird,David,stephaniegibbs@barron.biz,+33 624 345 2117
333,Playfoot,Elwood,eplayfoot98@seesaa.net,+380 178 429 1511
590,Silcox,Melicent,msilcoxgd@state.gov,+48 153 795 1341
515,Chadwell,Alfonse,achadwellea@apple.com,+62 708 178 9736
1515,Clark,William,xjohnson@gmail.com,+49 687 381 5550
900,Lorkings,Karlotte,klorkingsoz@wiley.com,+7 705 645 3199
1485,Quinn,Madison,davisregina@navarro.com,+49 744 376 7995
797,Dreakin,Alanah,adreakinm4@china.com.cn,+34 432 763 6958
66,Kennsley,Verla,vkennsley1t@dailymotion.com,+420 221 158 6651
142,Wanell,Alexandr,awanell3x@seattletimes.com,+51 514 823 5793
812,Seeger,Imelda,iseegermj@hhs.gov,+44 855 754 1799
915,Bothwell,Gerik,gbothwellpe@sfgate.com,+55 592 122 4598
695,Collough,Helsa,hcolloughja@wp.com,+880 467 450 0437
863,Balazot,Ewen,ebalazotny@hugedomains.com,+506 607 198 4273
248,Ramsdell,Odelle,oramsdell6v@nytimes.com,+48 192 356 8374
1203,Brown,Heather,carlos30@wiley-oliver.com,+44 720 749 2095
353,Kubal,Tonie,tkubal9s@surveymonkey.com,+55 466 491 8865
919,Beeckx,Randy,rbeeckxpi@blogspot.com,+81 648 621 7795
807,Edlyne,Milzie,medlyneme@themeforest.net,+7 403 874 9944
1433,Bell,Stephanie,mcgeeashley@yahoo.com,+1 678 418 1699
174,Rolland,Lian,lrolland4t@imgur.com,+7 740 425 0134
1215,Hayes,Mary,ganderson@yahoo.com,+49 660 478 9423
1303,Tran,Kyle,robertlane@cantrell-smith.info,+1 754 653 2443
1547,Williams,Amanda,rphillips@robinson.com,+34 616 918 4419
781,Haxell,Lennard,lhaxelllo@biblegateway.com,+20 716 253 2958
614,Mingauld,Shermy,smingauldh1@naver.com,+692 356 646 8507
1262,Brown,David,robert21@brown-davis.info,+1 686 443 4936
552,Szapiro,Serge,sszapirofb@meetup.com,+51 934 278 8421
430,Dalgliesh,Linda,ldalglieshbx@gov.uk,+63 782 844 4909
793,Giacopazzi,Phillida,pgiacopazzim0@sphinn.com,+374 967 891 9323
24,Corrett,Aymer,acorrettn@salon.com,+86 881 805 2677
1133,Tanner,Johnny,mikayla55@gomez-miller.net,+33 727 982 1589
1174,Porter,Derek,pbryant@gmail.com,+49 686 363 7303
50,Anthes,Isabeau,ianthes1d@hexun.com,+351 844 302 5522
1408,Matthews,Kiara,amanda42@richard.biz,+34 656 646 7661
100,Domleo,Simona,sdomleo2r@toplist.cz,+977 711 146 3117
1115,Wu,Crystal,lrobinson@ryan-long.info,+1 655 726 8695
1171,Brock,Michelle,qjacobs@dawson-carter.biz,+33 676 169 7094
501,Bere,Addia,aberedw@nhs.uk,+234 688 416 7208
583,Spittall,Eustacia,espittallg6@java.com,+227 358 856 5538
968,Lidgertwood,Sanderson,slidgertwoodqv@illinois.edu,+7 136 121 2673
1214,Wood,Casey,coreyvazquez@gmail.com,+1 699 610 8793
1455,Stone,Elizabeth,gilljonathan@yahoo.com,+49 648 634 2187
1157,Butler,Dana,davidfrancis@johnson.com,+33 770 852 5131
272,Tierny,Rusty,rtierny7j@hao123.com,+86 649 964 9886
523,Bartoletti,Elsey,ebartolettiei@reverbnation.com,+93 976 333 0052
200,McKinie,Susi,smckinie5j@umn.edu,+7 142 381 8294
1273,York,Samantha,smithjoshua@gmail.com,+44 765 721 3711
830,Twigg,Gerrie,gtwiggn1@fda.gov,+51 263 514 8087
680,Sollas,Wayland,wsollasiv@alexa.com,+57 144 563 9117
765,Bache,Oriana,obachel8@hostgator.com,+62 812 405 0885
383,Tree,Sophia,streeam@netvibes.com,+7 367 530 7207
238,Thon,Ronald,rthon6l@shutterfly.com,+380 660 512 3458
240,Rosewall,Drusy,drosewall6n@surveymonkey.com,+33 915 669 6897
52,Guillon,Dahlia,dguillon1f@trellian.com,+52 272 774 7601
71,Thorndale,Cyrill,cthorndale1y@clickbank.net,+55 557 313 3237
1244,Sanders,Susan,nicolecampbell@yahoo.com,+49 729 442 5998
77,Guinn,Abram,aguinn24@google.cn,+86 501 653 0240
994,O'Noland,Ingra,ionolandrl@latimes.com,+86 695 565 1230
1103,Walker,Johnny,jpayne@yahoo.com,+1 658 674 9165
860,Merck,Ardra,amercknv@reddit.com,+48 199 239 2818
579,Willett,Dore,dwillettg2@over-blog.com,+51 500 250 5099
931,Cromleholme,Sterling,scromleholmepu@tinypic.com,+48 488 865 9820
1357,Yoder,Destiny,heather63@yahoo.com,+44 610 285 3516
136,Shelliday,Svend,sshelliday3r@php.net,+30 779 631 0842
1001,Contreras,Nicole,jennifer46@curry-miller.com,+1 641 978 6974
768,Gemmell,Zahara,zgemmelllb@theguardian.com,+53 324 399 0569
317,Quinnelly,Jinny,jquinnelly8s@pagesperso-orange.fr,+63 972 973 4297
498,Hannis,Elspeth,ehannisdt@nature.com,+234 272 818 7532
1183,Strickland,Barbara,laura12@mckay-brooks.com,+33 618 678 3962
819,Buske,Merilee,mbuskemq@forbes.com,+62 933 354 3449
1025,Koch,William,stephanie82@gmail.com,+1 670 451 8079
368,Greenmon,Mikol,mgreenmona7@lycos.com,+48 609 501 4395
124,Whorall,Jobi,jwhorall3f@baidu.com,+420 618 795 9966
245,Nunn,Shirley,snunn6s@foxnews.com,+375 865 126 7628
535,Chester,Jedd,jchestereu@marketwatch.com,+994 851 118 6212
221,Howlings,Darcy,dhowlings64@jimdo.com,+57 154 161 5168
1334,Gamble,Harold,ohurley@yahoo.com,+49 733 251 3289
186,Dacks,Axel,adacks55@admin.ch,+380 934 934 2637
723,Hutton,Jyoti,jhuttonk2@jimdo.com,+359 661 493 1292
1106,Warner,David,pthompson@barker-smith.biz,+44 742 854 2447
1062,Barron,Michael,michaelburke@wood-wilcox.com,+33 619 468 3330
1102,Shea,Monique,garciacassandra@hotmail.com,+49 627 921 8005
608,Barnes,Earl,ebarnesgv@ed.gov,+216 992 383 6313
68,Palphreyman,Ingrim,ipalphreyman1v@huffingtonpost.com,+86 829 243 7648
1524,Marshall,Christopher,catherine13@hotmail.com,+44 621 362 1698
30,Fine,Cullin,cfinet@tuttocitta.it,+63 847 136 2111
715,Unitt,Thorny,tunittju@joomla.org,+86 841 219 2900
536,Raecroft,Antonie,araecroftev@wordpress.org,+86 806 126 9878
421,Sadlier,Georas,gsadlierbo@shinystat.com,+1 808 458 7461
702,Rooke,Harlie,hrookejh@europa.eu,+81 405 375 5799
204,Moseley,Davy,dmoseley5n@bing.com,+351 208 529 8661
1125,Reyes,Terri,ashley21@campbell-lamb.info,+33 615 923 6335
1472,Sanchez,Jonathan,floresjerry@hotmail.com,+34 740 822 6052
576,Tomeo,Salomone,stomeofz@hp.com,+7 891 949 5448
417,Wasmuth,Micheil,mwasmuthbk@livejournal.com,+351 716 630 6383
545,Bartoli,Jaquelin,jbartolif4@163.com,+62 479 891 1054
679,Beeby,Manuel,mbeebyiu@wisc.edu,+234 907 786 4021
1056,Briggs,Steven,cherylaguirre@hotmail.com,+1 789 749 7728
1247,Patel,Laura,phillip87@yahoo.com,+49 721 387 8751
909,Breckell,Sibella,sbreckellp8@ucoz.com,+52 308 857 8197
260,Seage,Elissa,eseage77@oracle.com,+972 980 803 8595
1048,Livingston,Nicole,sheilawright@thompson.com,+1 749 341 8115
176,Doole,Darwin,ddoole4v@topsy.com,+98 503 368 5830
1345,Miller,Melissa,garyfarmer@gmail.com,+33 678 604 7489
905,Gilliland,Alric,agillilandp4@ftc.gov,+62 815 978 9883
835,Griffitt,Adena,agriffittn6@odnoklassniki.ru,+7 755 229 6857
602,Austwick,Towny,taustwickgp@dot.gov,+33 297 828 5588
943,Lemmer,Rogers,rlemmerq6@tamu.edu,+33 493 490 7751
199,Willingham,Fina,fwillingham5i@upenn.edu,+86 206 683 3478
683,Lordon,Isa,ilordoniy@engadget.com,+81 294 796 5464
1117,Holland,Troy,bishopronald@gmail.com,+34 756 155 9125
665,Bourne,Weston,wbourneig@biglobe.ne.jp,+86 126 659 7964
1296,Marshall,Ethan,marciajohnson@chen.com,+34 732 981 8549
753,O' Gara,Shelagh,sogarakw@ycombinator.com,+48 380 964 2876
382,Yearby,Dan,dyearbyal@wikimedia.org,+86 265 970 4255
310,Knewstub,Genevieve,gknewstub8l@clickbank.net,+55 392 669 2362
533,Cristofari,Karlens,kcristofaries@hp.com,+62 896 620 0600
412,Decreuze,Jeannine,jdecreuzebf@dmoz.org,+86 954 703 7752
530,Thinn,Chilton,cthinnep@dailymotion.com,+63 254 605 6305
1209,Richmond,Madeline,coopermark@gmail.com,+33 638 378 1743
440,Rands,Jarrid,jrandsc7@wunderground.com,+49 852 612 2388
1156,Adams,Ashley,smithlisa@roberts-arnold.biz,+33 646 827 9360
45,Wackly,Christoph,cwackly18@columbia.edu,+351 358 876 2148
482,Styant,Julietta,jstyantdd@sina.com.cn,+86 679 109 5203
1094,Henderson,Brandy,mullenalexandra@smith.com,+49 674 865 7053
949,Glasspool,Philipa,pglasspoolqc@g.co,+86 586 586 0383
701,Fleischer,Bartlett,bfleischerjg@about.me,+234 807 269 7839
1112,Jones,Carla,desparza@gmail.com,+33 680 171 9920
395,Pfaffel,Evin,epfaffelay@jugem.jp,+86 123 822 8798
116,Nouch,Inesita,inouch37@oakley.com,+381 896 279 6022
597,Pioch,Chantal,cpiochgk@ed.gov,+66 195 518 1567
185,Tonge,Ethelbert,etonge54@addthis.com,+691 428 181 2902
1325,Castro,Maria,russellantonio@hotmail.com,+44 677 845 5305
304,Becket,Olivia,obecket8f@skyrock.com,+63 943 154 4870
844,Flukes,Ronnie,rflukesnf@youtube.com,+7 404 269 7272
340,Ellsbury,Rudolf,rellsbury9f@weebly.com,+886 563 515 4124
276,Ungerecht,Conrado,cungerecht7n@irs.gov,+92 828 946 0125
79,Hintze,Hastie,hhintze26@bandcamp.com,+86 526 991 6037
345,Karpmann,Rosabella,rkarpmann9k@mapquest.com,+63 892 655 4861
1435,Khan,Patrick,pateljames@george.com,+34 782 152 1699
1348,Berg,Douglas,wwagner@bryant.com,+34 622 460 2867
343,Matei,Kean,kmatei9i@telegraph.co.uk,+7 331 417 3205
1104,Pierce,Danielle,christinamclaughlin@foster-cox.com,+44 760 954 5063
562,Spalding,Rriocard,rspaldingfl@cbsnews.com,+595 661 307 2285
16,Wyard,Kali,kwyardf@bloglines.com,+86 246 393 4238
1522,Valdez,Paul,nwelch@hotmail.com,+44 755 304 3495
463,Sharpe,Delinda,dsharpecu@jiathis.com,+86 755 939 0498
429,Orritt,Worth,worrittbw@telegraph.co.uk,+62 942 688 1165
1374,Lopez,Cynthia,heathersummers@monroe.net,+33 614 605 5964
1280,Camacho,Amanda,aaron75@yahoo.com,+44 637 482 7503
1261,Perry,Jessica,russell40@hotmail.com,+1 763 360 8395
1420,Garcia,Catherine,jameskramer@cortez.com,+33 691 221 6335
923,Clair,Terza,tclairpm@answers.com,+86 631 671 0957
620,Arnauduc,Corbie,carnauduch7@slashdot.org,+7 685 518 7267
1182,Fletcher,Jason,annecollins@gmail.com,+1 798 260 8814
585,Stubbings,Mattias,mstubbingsg8@youku.com,+1 408 780 1079
1076,Powell,Michael,vdominguez@vaughan.com,+44 696 320 9633
591,Erbe,Itch,ierbege@twitpic.com,+86 570 207 6116
630,Stiebler,Sephira,sstieblerhh@cornell.edu,+380 538 685 0211
367,Oldham,Micheline,moldhama6@aol.com,+351 822 986 3111
843,Fley,Cully,cfleyne@sbwire.com,+62 287 471 8405
951,Hanbidge,Tabby,thanbidgeqe@boston.com,+48 899 500 7140
1058,Kennedy,Kimberly,levinejames@gmail.com,+34 638 604 5065
480,Jemmett,Clarinda,cjemmettdb@businessweek.com,+86 213 984 5702
529,McCullogh,Paolina,pmccullogheo@tinyurl.com,+86 733 246 6709
1323,Stafford,Donna,rhonda75@gmail.com,+1 614 999 7841
57,Maltman,Nichole,nmaltman1k@google.ru,+33 166 450 2626
74,Linnett,Ignacius,ilinnett21@usa.gov,+596 614 504 0924
561,Varvara,Sauncho,svarvarafk@dion.ne.jp,+351 113 907 3112
722,Carous,Johnathon,jcarousk1@blinklist.com,+7 766 905 4833
1206,Rodriguez,Leslie,blanchardmark@smith.com,+1 774 126 9303
362,Klarzynski,Rene,rklarzynskia1@wikimedia.org,+48 708 992 9993
44,Whatford,Belle,bwhatford17@mediafire.com,+7 249 272 9136
1419,Lamb,Timothy,antoniobentley@walsh.com,+34 654 976 4514
1448,Jones,Jessica,sarahwalker@yahoo.com,+49 659 486 5642
926,Thewys,Alvie,athewyspp@mit.edu,+62 865 669 1830
1385,Stewart,Michael,tinacruz@thomas-flores.biz,+49 753 955 3334
102,Cockland,Tamas,tcockland2t@chron.com,+84 452 525 9508
434,Brimley,Mercie,mbrimleyc1@prlog.org,+86 538 853 4889
603,Renbold,Boony,brenboldgq@vistaprint.com,+996 277 477 3366
108,Sandars,Tallie,tsandars2z@hud.gov,+1 941 311 8649
655,Sellner,Harland,hsellneri6@linkedin.com,+46 970 497 6352
1088,Mitchell,Steven,hernandezclifford@gmail.com,+34 692 136 6343
760,Baumber,Danila,dbaumberl3@ebay.com,+33 124 320 4536
862,Rixon,Yorke,yrixonnx@sfgate.com,+63 752 122 1100
1383,Taylor,Jennifer,patrick31@patel-henry.com,+33 666 636 3517
969,Caso,Elihu,ecasoqw@cam.ac.uk,+48 401 738 5641
1141,Simmons,George,alvaradotammie@gmail.com,+1 662 405 1898
1030,Carter,Phillip,andrea79@gmail.com,+33 755 571 3677
1398,Santos,Vanessa,edwardstracy@gmail.com,+33 780 393 3312
129,Ruzek,Mano,mruzek3k@ow.ly,+670 672 483 4764
298,Cassedy,Don,dcassedy89@shinystat.com,+86 424 814 7694
621,Barnwill,Tobit,tbarnwillh8@pen.io,+420 785 787 3996
1528,Miller,Jessica,gabriela37@walker.com,+49 769 329 8482
1495,Davis,Hannah,oscar01@daniel.com,+49 635 828 6959
1194,Tanner,Amanda,richardwilson@turner.com,+1 780 793 8824
1165,Anderson,Bianca,ricardo72@gmail.com,+1 787 935 3798
483,Catterick,Corry,ccatterickde@newsvine.com,+33 821 332 2838
629,Skelly,Abra,askellyhg@webs.com,+48 828 829 8960
290,Dauney,Phip,pdauney81@squidoo.com,+46 544 592 3092
507,Oakeby,Loretta,loakebye2@sbwire.com,+55 739 338 1092
705,Grannell,Hershel,hgrannelljk@jugem.jp,+86 661 389 8951
1553,Thomas,Susan,todd91@moran-martin.com,+1 707 683 7790
1000,Pideon,Adore,apideonrr@senate.gov,+33 979 215 9701
1415,David,Angela,johnbarnes@yahoo.com,+34 776 381 5487
414,Gerram,Suzette,sgerrambh@eventbrite.com,+84 231 797 0278
922,Ilyasov,Avery,ailyasovpl@whitehouse.gov,+62 151 437 5443
332,Butterly,Sheri,sbutterly97@hhs.gov,+63 543 610 8395
33,Casajuana,Sherye,scasajuanaw@ustream.tv,+30 670 924 0978
712,Ingle,Denna,dinglejr@kickstarter.com,+261 851 322 8282
539,Waldrum,Marla,mwaldrumey@vkontakte.ru,+62 329 973 9385
423,Serjent,Francklyn,fserjentbq@unblog.fr,+62 822 263 6128
484,Meineken,Wilhelmina,wmeinekendf@google.es,+977 955 878 8537
1118,Jackson,Patricia,barrycook@reed.com,+49 792 317 4658
694,Jorcke,Benito,bjorckej9@about.me,+505 918 545 2114
814,Anstee,Eliot,eansteeml@t-online.de,+86 572 212 1321
271,Cutcliffe,Meredeth,mcutcliffe7i@forbes.com,+86 544 840 9161
965,Cashman,Sianna,scashmanqs@wufoo.com,+389 419 302 1060
944,Ajsik,Cheston,cajsikq7@time.com,+63 256 153 0141
232,Portress,Erek,eportress6f@privacy.gov.au,+258 471 144 3897
1101,Sexton,Chad,victoria06@hotmail.com,+1 683 790 1232
1332,Horne,Christina,sross@thomas.net,+1 646 988 2199
1176,Gould,Amanda,tuckerdebra@yahoo.com,+33 728 281 8334
164,Kiff,Sasha,skiff4j@businessinsider.com,+420 577 693 4767
325,Swetland,Beckie,bswetland90@google.es,+66 412 166 5731
1098,Shaffer,Brandon,ffuller@caldwell.info,+34 623 243 4092
351,Aleshkov,Vlad,valeshkov9q@reddit.com,+86 516 707 5965
1234,Wilson,Jennifer,nrichardson@gmail.com,+44 684 660 6193
193,M'Quhan,Kasey,kmquhan5c@gmpg.org,+62 724 993 9002
527,Coultas,Cirilo,ccoultasem@hp.com,+373 328 165 7813
64,Filson,Wakefield,wfilson1r@unc.edu,+1 863 490 9154
924,Dockrill,Daniele,ddockrillpn@google.pl,+81 729 801 9142
917,Frogley,Claresta,cfrogleypg@acquirethisname.com,+63 538 554 4907
1147,Singh,Dustin,hoffmanstephanie@gmail.com,+44 727 716 6583
622,Lewis,Shanna,slewish9@csmonitor.com,+251 303 223 5726
299,Aubin,Gloria,gaubin8a@nba.com,+54 361 593 1676
817,Foch,Rip,rfochmo@huffingtonpost.com,+86 213 899 1518
998,Jent,Meade,mjentrp@census.gov,+33 766 749 2178
1502,Chambers,Lisa,corylawrence@joyce.com,+49 769 385 1183
219,Ambroz,Carly,cambroz62@list-manage.com,+1 614 864 1378
519,Geroldini,Ofelia,ogeroldiniee@1und1.de,+58 551 971 4131
1371,Mcdonald,Lori,derek54@gmail.com,+49 717 363 7829
454,Sims,Liesa,lsimscl@blogs.com,+33 915 388 7543
372,Beasley,Putnem,pbeasleyab@123-reg.co.uk,+86 950 481 1171
1049,Love,Pamela,kingamanda@hotmail.com,+49 751 211 9735
1284,Lopez,Ryan,wesleybray@ruiz.com,+49 692 240 3273
428,Wagnerin,Winona,wwagnerinbv@friendfeed.com,+86 194 748 4793
439,Tomas,Raynor,rtomasc6@fema.gov,+54 783 726 8619
984,Besque,Andromache,abesquerb@jalbum.net,+57 303 423 2798
906,Geyton,Mirabelle,mgeytonp5@people.com.cn,+7 974 600 2539
571,Smeaton,Emanuel,esmeatonfu@phpbb.com,+1 317 724 8342
307,Reglar,Gabbi,greglar8i@mashable.com,+86 967 483 2164
809,Issett,Hettie,hissettmg@geocities.com,+86 714 383 7323
1286,Richards,Victoria,penakaitlin@hotmail.com,+49 792 333 3767
1361,Wise,Kristi,cruzbryan@gmail.com,+34 789 477 3412
1388,Johnson,Dylan,qhill@gmail.com,+34 660 781 7272
673,Rowlin,Lura,lrowlinio@linkedin.com,+62 928 403 6554
486,Braga,Coop,cbragadh@angelfire.com,+372 432 835 2965
847,Heathwood,Gertrudis,gheathwoodni@kickstarter.com,+33 523 501 9885
632,Cardnell,Letti,lcardnellhj@ezinearticles.com,+504 811 654 7148
1032,Coleman,Gabriel,stephenhines@hotmail.com,+1 607 795 4962
278,Ozintsev,Ranique,rozintsev7p@webeden.co.uk,+86 327 486 0890
1211,Perry,Troy,xvalencia@thomas.com,+1 619 770 3543
901,Perazzo,Walden,wperazzop0@telegraph.co.uk,+86 222 980 0221
757,Caldow,Massimiliano,mcaldowl0@fema.gov,+62 574 829 5670
237,Grave,Israel,igrave6k@netvibes.com,+86 474 472 4962
1270,Mcneil,Eric,smartin@yahoo.com,+44 704 858 7896
1302,Sullivan,Christine,weekssamantha@garcia.net,+34 710 357 1523
1520,Watkins,Kristina,dawnmartinez@hotmail.com,+44 777 445 2788
514,Lowden,Benyamin,blowdene9@mail.ru,+420 545 819 2757
1079,Ellis,Samantha,powellderek@gmail.com,+44 685 759 4085
209,Lawranson,Cookie,clawranson5s@merriam-webster.com,+248 573 975 4253
870,Perfect,Wynnie,wperfecto5@netlog.com,+1 614 694 2036
1549,Howard,Jamie,ckennedy@gmail.com,+44 651 353 3616
1525,Mckinney,Jordan,zbrown@gmail.com,+49 622 390 5495
59,Crocker,Thorn,tcrocker1m@psu.edu,+255 659 527 8501
1523,Sims,Michael,tkennedy@gmail.com,+44 755 501 4414
1035,Richardson,Paul,jonathan88@gmail.com,+33 721 629 7987
1202,Choi,Jason,charles74@gmail.com,+44 685 880 4757
783,Stritton,Tymon,tstrittonlq@google.es,+57 224 157 2115
1237,Jenkins,Theresa,zwest@colon-garcia.org,+49 774 462 9901
773,Olorenshaw,Bradney,bolorenshawlg@opera.com,+57 143 415 1438
1301,Perez,Beth,rodriguezemily@hotmail.com,+49 674 520 7909
384,Sterrick,Craig,csterrickan@oracle.com,+1 320 480 9205
890,Ebsworth,Maxi,mebsworthop@miitbeian.gov.cn,+86 511 171 2219
495,Chancellor,Farrell,fchancellordq@dot.gov,+98 918 720 2159
990,Amor,Ashley,aamorrh@biblegateway.com,+86 773 187 8102
1199,Finley,Manuel,brianna74@hotmail.com,+33 772 434 3480
1254,Patrick,Harold,hartmichael@hotmail.com,+34 733 692 1736
755,Smith,Trumaine,tsmithky@163.com,+976 816 130 3503
234,Juckes,Christie,cjuckes6h@howstuffworks.com,+86 116 516 3606
1450,Wheeler,David,flemingjohn@adams-white.org,+33 658 737 6408
197,Peatman,Weber,wpeatman5g@dyndns.org,+98 345 630 8692
845,Vaney,Car,cvaneyng@xing.com,+298 972 756 2938
1309,Woods,James,bautistawilliam@gmail.com,+34 619 753 4235
82,Franken,Langston,lfranken29@geocities.jp,+86 822 161 1885
1457,Williams,Joanna,cthompson@yahoo.com,+33 751 833 7053
1055,Parker,Daniel,aleblanc@yahoo.com,+33 672 533 3428
1201,Morales,Willie,brianna34@yahoo.com,+44 789 172 6505
112,Jiles,Jarib,jjiles33@reverbnation.com,+62 437 952 4677
1326,Martinez,Tyler,michelle36@hotmail.com,+1 681 690 2271
1506,Carroll,Sean,shellygomez@gallagher.net,+1 638 807 1514
1316,Rogers,Jacqueline,djoseph@hotmail.com,+49 702 844 3821
985,Stanyard,Penny,pstanyardrc@reuters.com,+81 448 392 7044
1315,Kline,Lindsay,shelby69@gmail.com,+49 697 993 8912
778,Voase,Nickie,nvoasell@paginegialle.it,+30 445 292 3039
1231,Jones,Jacqueline,vlara@hudson.info,+44 723 429 5505
311,Pilling,Eduardo,epilling8m@bigcartel.com,+84 493 185 8366
637,Adamini,Barbabra,badaminiho@ocn.ne.jp,+62 683 961 4499
433,Stace,Corny,cstacec0@disqus.com,+62 469 797 9751
577,Fibben,Jolynn,jfibbeng0@icq.com,+7 979 122 5201
549,Storre,Horatius,hstorref8@bbc.co.uk,+54 743 150 7163
1352,Golden,Chad,david77@austin.com,+44 705 701 8825
758,Nestor,Jerry,jnestorl1@si.edu,+351 116 874 1036
893,Grubb,Jana,jgrubbos@blogs.com,+81 767 164 9451
1545,Brown,Michael,ehorne@ross.com,+33 615 162 8133
1454,Ritter,Paul,pmoran@gmail.com,+1 710 417 8053
987,Cogar,Merill,mcogarre@go.com,+1 213 925 8142
1097,Fields,Robert,russellregina@yahoo.com,+34 731 365 4642
491,Rewcastle,Ettore,erewcastledm@businessinsider.com,+880 899 233 4245
544,Menichino,Gui,gmenichinof3@youtu.be,+55 264 672 1868
487,Giovani,Trefor,tgiovanidi@ebay.co.uk,+230 154 507 0700
675,Rouchy,Beltran,brouchyiq@msu.edu,+7 101 295 9556
846,Swedeland,Gian,gswedelandnh@gmpg.org,+62 710 659 9404
1446,Martin,Dawn,jonathanwilliams@lloyd.com,+33 650 596 2469
731,Gahagan,Clarine,cgahaganka@51.la,+976 529 333 4580
1250,Smith,Scott,nicholaspotter@thomas-monroe.org,+34 784 326 4066
494,Sandes,Rey,rsandesdp@discovery.com,+62 903 911 0079
255,Blakemore,Patrizius,pblakemore72@nationalgeographic.com,+1 392 786 5799
323,Opfer,Nefen,nopfer8y@mediafire.com,+55 366 908 9971
1134,Bell,Marissa,rebecca80@miller.org,+49 621 276 5215
1047,Tyler,Donald,stephenavery@morales.com,+49 750 231 5822
599,Monnelly,Westbrooke,wmonnellygm@livejournal.com,+261 332 657 7170
1264,Chen,James,carolineholt@hotmail.com,+34 723 101 3204
1444,Little,Michael,jermaine37@gmail.com,+34 653 771 8989
910,O'Dowling,Dave,dodowlingp9@google.com.au,+86 529 933 5720
1090,Thomas,Robert,justin04@romero.com,+49 718 736 1767
1038,Clark,Scott,william56@perry.biz,+33 754 848 9391
87,Atherton,Yulma,yatherton2e@themeforest.net,+509 667 804 4194
1474,Harris,Jeremy,smorris@brown-graham.biz,+1 746 992 8835
366,Garratty,Rosabelle,rgarrattya5@pcworld.com,+86 686 288 6734
266,Abbate,Anastassia,aabbate7d@cornell.edu,+351 866 794 7224
288,Knowlys,Carissa,cknowlys7z@epa.gov,+55 140 641 5133
1541,Day,Michael,zowens@hotmail.com,+49 736 246 7066
359,Collingridge,Carolyn,ccollingridge9y@youku.com,+81 698 865 0649
746,Riley,Jammal,jrileykp@bloglines.com,+380 900 425 2913
1173,Wells,Michael,dylan67@adams.com,+33 671 911 3007
651,Rushford,Farly,frushfordi2@patch.com,+33 379 147 9764
1263,Nelson,Sarah,nicolebrooks@hotmail.com,+49 623 136 2917
1287,Smith,Jeffrey,johnslindsey@wilson-campbell.net,+34 706 509 6438
222,Dowbiggin,Matty,mdowbiggin65@kickstarter.com,+1 217 423 0804
114,Somerbell,Vivyan,vsomerbell35@businesswire.com,+62 586 981 5290
615,Cettell,Merrily,mcettellh2@cyberchimps.com,+84 867 254 7402
1218,Jimenez,William,davidjohnson@fletcher.com,+33 613 902 2485
175,Truss,Daveen,dtruss4u@nature.com,+7 445 820 4032
465,Rushworth,Meryl,mrushworthcw@trellian.com,+30 952 443 1472
1386,Mcdaniel,Michelle,samuel13@bowman-price.com,+49 771 250 4737
406,Rooney,Clementius,crooneyb9@abc.net.au,+595 814 533 4894
1222,Griffith,Brian,gallowaymichael@anderson-collins.com,+34 735 485 1154
19,Gregine,Mariann,mgreginei@reuters.com,+7 805 192 5325
1053,Shaw,David,grosschristine@hotmail.com,+34 627 169 2476
286,Childrens,Valma,vchildrens7x@desdev.cn,+62 455 538 0068
937,Paynton,Carolynn,cpayntonq0@bluehost.com,+968 322 503 7606
452,McQuillan,Lynett,lmcquillancj@psu.edu,+86 506 287 0935
1243,Palmer,Michael,trujillomatthew@gmail.com,+44 693 951 8177
32,Kopelman,Carmencita,ckopelmanv@archive.org,+86 860 680 1499
592,Borell,Renata,rborellgf@oracle.com,+1 875 201 1049
211,Matthai,Astra,amatthai5u@columbia.edu,+94 894 501 7575
1186,Woods,Jessica,yperry@davila.com,+44 781 506 7761
215,Goakes,Ernestine,egoakes5y@google.co.jp,+225 544 636 5497
1197,Haney,Whitney,ostokes@hotmail.com,+49 780 795 2703
874,Offner,Lock,loffnero9@smh.com.au,+81 411 306 3863
479,Tummond,Dalli,dtummondda@is.gd,+967 624 235 0937
1006,Jones,Kevin,lmoreno@hotmail.com,+44 632 991 2682
1369,Christensen,Sharon,wrightronnie@yahoo.com,+44 793 229 9048
786,Hayford,Stanislaw,shayfordlt@wunderground.com,+7 943 894 7646
189,Vigus,Charyl,cvigus58@homestead.com,+51 245 532 9268
1331,Cline,Trevor,judydennis@yahoo.com,+44 773 207 7108
1010,Ross,Lindsay,teresa78@gmail.com,+44 674 466 6447
744,Wickey,Silvano,swickeykn@sun.com,+55 111 530 3875
148,Beedom,Evan,ebeedom43@sohu.com,+237 771 299 1374
426,Rilton,Vance,vriltonbt@dagondesign.com,+86 515 402 6925
975,Fairnington,Arline,afairningtonr2@boston.com,+261 747 453 8868
84,Blacket,Orsa,oblacket2b@house.gov,+351 453 574 8698
721,Minifie,Travers,tminifiek0@abc.net.au,+62 164 115 4950
49,Stillgoe,Amble,astillgoe1c@home.pl,+1 571 558 8794
1158,Thompson,Paul,kimberly65@yahoo.com,+49 711 791 2327
156,Urrey,Worthington,wurrey4b@narod.ru,+62 730 396 5853
1122,Williams,Melissa,zperez@ortiz-williams.com,+34 605 738 6201
1304,Graham,Brianna,cooksteven@hotmail.com,+1 785 268 7334
1190,Conrad,Paul,noahharris@gonzalez-jordan.info,+1 733 895 4280
1212,Eaton,Jennifer,anthonyedwards@preston.com,+1 771 297 5288
1319,Peterson,Jenna,vgood@hotmail.com,+33 727 805 9450
1277,Campos,Ryan,hopkinsantonio@hotmail.com,+1 622 637 7308
1538,Preston,Michael,copelandsteven@gmail.com,+33 736 480 6490
1492,Cooper,Julie,kristinabush@gmail.com,+1 713 752 2893
180,Balling,Erny,eballing4z@pinterest.com,+86 293 980 4090
553,Errichelli,Electra,eerrichellifc@reuters.com,+33 905 626 8237
1469,James,Amy,oliviareyes@peters-sexton.info,+44 670 186 5151
472,Fley,Ree,rfleyd3@kickstarter.com,+1 475 298 6248
555,Denley,Nathanael,ndenleyfe@cocolog-nifty.com,+66 251 528 0491
882,Blackborow,Kirbie,kblackborowoh@blogger.com,+389 520 758 2109
364,Livingstone,Bren,blivingstonea3@canalblog.com,+86 616 218 9003
427,Santon,Thelma,tsantonbu@oaic.gov.au,+7 669 121 1395
1223,Shaffer,Jesse,angierichardson@cruz-gonzalez.com,+33 678 477 9848
1245,Horn,Sandra,vadkins@gmail.com,+33 736 775 4260
347,Mathiassen,Fowler,fmathiassen9m@washington.edu,+55 714 434 3829
1080,Wright,John,agoodman@hotmail.com,+49 616 834 9752
1488,Johnston,John,annelee@douglas.org,+44 724 691 3763
1543,Carlson,James,crystalblevins@yahoo.com,+49 721 769 8767
706,Engledow,Marnia,mengledowjl@unicef.org,+7 261 463 2135
1342,Hanson,Curtis,rebeccaschmidt@hotmail.com,+33 784 415 5114
1379,Parker,Jody,susanherrera@gmail.com,+34 688 974 1904
611,Rubartelli,Danica,drubartelligy@fotki.com,+33 134 472 3739
678,Bertome,Licha,lbertomeit@ustream.tv,+62 453 371 2848
244,Danilishin,Marillin,mdanilishin6r@ovh.net,+66 740 485 3110
868,Plewright,Brandi,bplewrighto3@tripod.com,+86 120 726 6196
1427,Stokes,Rachel,phillipsdavid@davis.net,+49 614 196 6315
662,Sharman,Phaedra,psharmanid@comsenz.com,+62 983 705 2388
1042,Olson,Stephanie,xgarcia@yahoo.com,+34 614 899 5205
1423,Lam,Steven,wallacejason@gmail.com,+1 695 139 6022
1241,Beck,Jessica,ramirezandrew@obrien-gibson.com,+49 751 751 1418
436,Boocock,Jessika,jboocockc3@weibo.com,+63 824 848 2647
1473,Sanders,Sabrina,davidingram@yahoo.com,+49 656 593 5858
1291,Werner,Cathy,veronicanewton@gmail.com,+49 746 476 7632
309,Scawn,Rakel,rscawn8k@photobucket.com,+63 599 559 1657
839,Swafield,Stearn,sswafieldna@columbia.edu,+1 214 316 5460
431,Lotwich,Orly,olotwichby@weather.com,+970 339 172 0206
1362,Wilkinson,James,anne12@hotmail.com,+1 605 819 1555
399,Southgate,Aileen,asouthgateb2@time.com,+7 193 119 2761
424,Earles,Beverie,bearlesbr@furl.net,+386 805 758 9146
371,Aleksankov,Malory,maleksankovaa@google.co.uk,+62 696 694 3384
55,Attawell,Ollie,oattawell1i@multiply.com,+52 199 979 1212
821,Laughlin,Tristan,tlaughlinms@usatoday.com,+86 473 950 8105
598,Ousley,Phylis,pousleygl@yale.edu,+996 125 296 9024
612,Wickson,Baird,bwicksongz@bloomberg.com,+81 296 818 5095
313,La Vigne,Emlen,elavigne8o@addtoany.com,+46 904 606 2601
927,MacAdam,Hermione,hmacadampq@cnbc.com,+94 486 278 5199
995,Digges,Roslyn,rdiggesrm@whitehouse.gov,+63 306 985 6509
586,Nannini,Rhodia,rnanninig9@scientificamerican.com,+7 827 839 5069
110,Clulee,Lindsey,lclulee31@rambler.ru,+62 748 861 5661
1207,Obrien,Eric,bfischer@mullins.info,+34 774 835 3049
742,Beane,Meyer,mbeanekl@mac.com,+1 553 822 5379
101,Giraldo,Freedman,fgiraldo2s@e-recht24.de,+30 712 825 4621
1482,Bauer,Jessica,janedean@lee.com,+49 728 245 7285
719,Aymerich,Ned,naymerichjy@wsj.com,+55 876 840 1432
1428,Reynolds,Michael,powellthomas@moyer.com,+33 658 609 1322
267,Stanlick,Kirby,kstanlick7e@netvibes.com,+63 938 942 3738
728,Farrow,Lurleen,lfarrowk7@usgs.gov,+86 126 204 5560
297,Grasner,Kass,kgrasner88@sogou.com,+48 883 686 4645
568,Fynn,Celine,cfynnfr@census.gov,+55 637 945 7774
462,Seakes,Abbie,aseakesct@narod.ru,+1 212 423 4075
1536,Holland,Jessica,moniqueharrison@yahoo.com,+34 689 670 3783
1401,Jones,Sharon,audrey25@yahoo.com,+1 699 115 3049
1024,Wallace,Douglas,tracy57@maldonado.com,+44 682 582 6021
378,Nettles,Teena,tnettlesah@mapy.cz,+86 734 493 0026
287,Greschik,Wolfy,wgreschik7y@amazonaws.com,+48 121 265 0033
1493,Villegas,Thomas,chadflores@jackson.com,+34 629 898 7486
1213,Jimenez,Kelly,kellirobbins@gmail.com,+44 746 110 8298
127,Lubeck,Ruth,rlubeck3i@pagesperso-orange.fr,+7 507 335 7663
328,Maudling,Brandtr,bmaudling93@nasa.gov,+86 414 530 0418
293,Jizhaki,Karlotte,kjizhaki84@instagram.com,+66 694 916 1745
589,Grass,Burg,bgrassgc@ezinearticles.com,+95 363 898 5422
782,Gibb,Nathan,ngibblp@mac.com,+966 297 354 5556
528,McGriele,Wendall,wmcgrieleen@cdbaby.com,+63 502 529 0282
1540,Adams,Andrew,wdillon@gmail.com,+49 626 175 8742
356,Grigoriscu,Sterling,sgrigoriscu9v@ucla.edu,+33 923 279 1290
1027,Cook,Carolyn,uross@hotmail.com,+49 771 403 2224
1395,Harrison,Joseph,terrycheryl@gmail.com,+49 611 483 4340
171,McPheat,Lucho,lmcpheat4q@cdc.gov,+63 485 895 0230
911,Glaves,Redford,rglavespa@earthlink.net,+48 312 995 5119
644,Bartelot,Junia,jbartelothv@upenn.edu,+255 652 547 4202
669,Ogle,Marven,mogleik@gravatar.com,+595 518 925 3143
789,Locarno,Valentine,vlocarnolw@people.com.cn,+55 668 193 3717
1317,Webb,Adam,rstout@drake.biz,+1 659 225 6224
210,Brackpool,Britni,bbrackpool5t@squidoo.com,+48 993 995 1540
1389,Davis,Timothy,taylorandrew@gmail.com,+1 631 336 4385
661,Nassau,Gerri,gnassauic@npr.org,+55 562 441 2621
141,McKerton,Kassey,kmckerton3w@jiathis.com,+7 138 673 1352
1143,Watts,Adam,zjohnston@andersen-pham.info,+33 648 473 3575
1041,Smith,Justin,lbutler@hughes-taylor.info,+44 777 237 3651
1129,Harvey,Shirley,tiffanyjones@walker.biz,+33 783 130 2187
1235,Reid,Chloe,alex98@hotmail.com,+33 704 459 8214
737,Skade,Edwin,eskadekg@opera.com,+86 204 747 5739
1365,Sanchez,Dustin,gonzalesjames@thomas.com,+1 644 825 9736
1253,Alexander,Robert,gloriaprince@ho-dixon.com,+44 703 646 1452
1399,Evans,Daisy,nkim@yahoo.com,+1 740 308 3604
11,Lafuente,Monah,mlafuentea@gravatar.com,+34 961 607 5419
1084,Bailey,Nathaniel,woodszachary@hotmail.com,+33 758 220 5247
283,Overell,Jennie,joverell7u@slashdot.org,+973 101 519 5975
292,Saberton,Weidar,wsaberton83@tuttocitta.it,+503 623 594 2912
1410,Wolf,Valerie,adamssarah@nichols.biz,+44 605 755 7516
1318,Russell,George,amanda50@pope.com,+34 638 398 7155
130,Crocetti,Eloisa,ecrocetti3l@t-online.de,+86 176 808 0102
324,Bullin,Raimondo,rbullin8z@cloudflare.com,+62 948 173 3784
1033,Cobb,Jennifer,patriciaortiz@gmail.com,+44 609 240 9480
616,Broadbere,Vanya,vbroadbereh3@time.com,+375 327 717 0565
745,Youings,Bradford,byouingsko@scientificamerican.com,+351 948 400 2710
1551,Wilson,Anna,jessicapeterson@rodriguez-spencer.org,+34 630 339 7865
825,Jentgens,Brigitta,bjentgensmw@foxnews.com,+420 193 203 9742
707,McDougall,Erhard,emcdougalljm@craigslist.org,+86 377 272 1972
670,Edsell,Marinna,medsellil@goo.gl,+86 797 620 2912
159,Gapper,Obie,ogapper4e@51.la,+351 519 114 5661
618,Walhedd,Hersch,hwalheddh5@furl.net,+98 247 448 5804
1019,Davis,Steve,arnoldmatthew@floyd-carpenter.biz,+44 735 863 9541
1113,Arellano,Sara,kirbycharles@watkins-gonzales.com,+49 711 581 9656
196,Capinetti,Victoir,vcapinetti5f@skyrock.com,+64 174 933 8702
1289,Fitzgerald,Jessica,obarry@cohen.info,+44 781 516 9045
600,Noto,Aldus,anotogn@smugmug.com,+33 604 174 0896
411,Stannis,Lara,lstannisbe@godaddy.com,+963 510 165 8725
97,Florio,Marlon,mflorio2o@moonfruit.com,+86 232 396 3749
627,Slavin,Fons,fslavinhe@alibaba.com,+81 238 528 4441
157,Daton,Sunshine,sdaton4c@uiuc.edu,+62 139 187 0196
420,Verna,Salomone,svernabn@51.la,+81 892 403 5806
1272,Barron,Jane,michele30@clark.net,+1 799 247 8996
478,Parren,Lindie,lparrend9@pinterest.com,+86 887 209 9166
1400,Blevins,Dawn,mooremargaret@gmail.com,+33 712 524 5004
693,Doleman,Kristen,kdolemanj8@meetup.com,+84 102 340 9287
1066,Swanson,Wayne,sharonmcgrath@thomas.com,+34 713 213 6903
448,Belsey,Brewer,bbelseycf@wufoo.com,+86 943 462 3421
799,Bream,Farrel,fbreamm6@constantcontact.com,+63 942 685 9359
179,Hearsey,Stepha,shearsey4y@indiegogo.com,+381 330 578 5656
391,Hannabus,Gilberto,ghannabusau@nytimes.com,+48 899 207 8987
1339,Crawford,Brenda,jennifer30@hernandez.com,+49 705 160 4292
1512,Randall,Sheila,bensontonya@gmail.com,+34 697 253 8906
1290,Evans,Robert,hector44@gmail.com,+1 740 701 2453
650,McVeigh,Mickie,mmcveighi1@nature.com,+62 449 494 1742
1178,Edwards,Devin,matthew79@gmail.com,+33 680 525 8353
681,Askin,Elliott,easkiniw@bluehost.com,+63 993 958 9729
974,Rawle,Germaine,grawler1@goo.gl,+420 284 538 3841
848,Ackermann,Forester,fackermannnj@facebook.com,+55 526 536 3823
1282,Sellers,Daniel,kellygray@gmail.com,+1 660 860 2944
1477,Gardner,Tracy,alanhardin@greene.biz,+44 620 792 8256
295,Antonopoulos,Saundra,santonopoulos86@odnoklassniki.ru,+62 884 168 1871
584,Tichelaar,Allix,atichelaarg7@seattletimes.com,+39 190 607 1373
940,Burless,Bevan,bburlessq3@gravatar.com,+353 109 895 9867
89,Antrack,Halsey,hantrack2g@livejournal.com,+86 198 261 7114
42,Canner,Beatrisa,bcanner15@unc.edu,+55 557 296 2940
1177,Alexander,Justin,ijackson@horton.net,+49 717 572 2726
619,Tolworth,Lay,ltolworthh6@noaa.gov,+1 512 199 8625
708,Caudle,Leonora,lcaudlejn@altervista.org,+504 934 810 3013
1440,Long,Justin,kyle03@weber.com,+1 724 175 8803
1109,Tucker,Beverly,david90@smith.org,+1 726 197 4118
1311,White,Jennifer,evansbrandy@yahoo.com,+1 673 665 8480
291,Litel,Alanna,alitel82@npr.org,+7 790 415 6127
1471,Griffith,Andrew,jonesrachael@petersen.com,+44 763 340 6136
713,Lipgens,Bart,blipgensjs@blogspot.com,+86 960 236 4075
349,Goodlake,Marius,mgoodlake9o@youku.com,+1 918 297 5973
572,Chieco,Gui,gchiecofv@icio.us,+62 584 615 9139
1135,Gill,Robert,margaretbell@cordova.com,+33 621 367 5933
1465,Cole,Ryan,davidstrickland@graves-may.com,+34 711 731 6961
1151,Hernandez,Michele,amberochoa@ray.com,+33 648 381 4568
1518,Arnold,Kenneth,jacksoncameron@blair.com,+44 773 782 2816
1421,Thomas,Andrea,ityler@powell-rodriguez.com,+33 689 811 6587
459,Alasdair,Dimitri,dalasdaircq@weibo.com,+994 818 699 5938
376,Blackaller,Amitie,ablackalleraf@slate.com,+33 777 535 3786
334,Ebbage,Doris,debbage99@ucsd.edu,+86 834 237 2460
888,de Voiels,Dur,ddevoielson@yahoo.com,+254 579 188 6676
1373,Lee,Margaret,kristin63@chaney-schmitt.com,+33 702 688 7726
1363,Robinson,Gabriela,marquezchristopher@gmail.com,+44 797 270 3198
1111,Castro,Kara,esmith@yahoo.com,+49 744 558 9899
1442,Hardin,Brian,bthomas@yahoo.com,+1 638 258 9228
1335,Lowe,David,sarahenry@hunt.com,+33 751 339 5116
329,MacGown,Sonya,smacgown94@cornell.edu,+966 828 985 0300
319,Ginty,Filbert,fginty8u@netvibes.com,+62 858 177 7793
1198,Dennis,Veronica,raymondjohnson@perry.com,+44 606 839 3569
1269,Barrett,Krista,xfox@gmail.com,+49 656 817 7410
168,Windley,Elianora,ewindley4n@amazonaws.com,+86 126 266 5785
13,Tanswell,Thomas,ttanswellc@multiply.com,+66 578 353 1346
172,Lapish,Priscella,plapish4r@uiuc.edu,+63 233 997 3680
261,Monsey,Kiele,kmonsey78@sbwire.com,+63 502 711 6923
1432,Williams,Victoria,brianna53@swanson.biz,+34 631 766 3067
963,Coggeshall,Weston,wcoggeshallqq@privacy.gov.au,+86 485 946 6873
991,Horsefield,Lesley,lhorsefieldri@histats.com,+86 211 950 9743
139,Biesty,Aldous,abiesty3u@epa.gov,+62 237 953 8795
550,Beceril,Orion,obecerilf9@mail.ru,+86 625 395 6402
1031,Carpenter,Jonathan,matthewsmith@cohen.com,+33 786 706 7206
1376,Taylor,Johnathan,deborah19@gonzalez-smith.com,+49 617 398 4691
1179,Sutton,Andrew,christineguerrero@yahoo.com,+49 669 375 8410
559,Nevins,Rod,rnevinsfi@cdc.gov,+62 264 763 5546
140,Allsupp,Zulema,zallsupp3v@purevolume.com,+996 191 666 3053
1359,Mason,Jill,newmankevin@gmail.com,+44 641 572 9176
942,Brownsey,Hewe,hbrownseyq5@tinyurl.com,+62 319 699 7178
225,Cluitt,Nanni,ncluitt68@dedecms.com,+256 353 684 3365
1095,Stanley,Shannon,hleonard@hotmail.com,+1 771 867 6390
410,Rostern,Jacquetta,jrosternbd@pcworld.com,+63 143 596 8566
326,Looks,Kamilah,klooks91@blogtalkradio.com,+33 290 795 3020
300,Ponnsett,Cleavland,cponnsett8b@bloglines.com,+27 705 693 7588
1266,Roth,Craig,cynthia02@mccullough.com,+34 689 501 2592
794,Cuddehy,Ashlan,acuddehym1@nytimes.com,+86 520 623 4911
1464,Ryan,Samuel,chad41@hotmail.com,+44 780 879 8413
1443,Gordon,Robert,christina06@yahoo.com,+1 698 116 1019
1288,White,Jackson,hwilson@ross.com,+44 729 199 4967
941,Rishman,Jessika,jrishmanq4@a8.net,+63 198 780 6711
574,Stebbins,Mead,mstebbinsfx@cnbc.com,+380 848 967 8631
504,Union,Boony,buniondz@tmall.com,+62 899 101 5398
606,Ivashkov,Ursula,uivashkovgt@tripod.com,+963 509 245 7374
820,By,Audre,abymr@instagram.com,+52 634 889 1929
4,Bownde,Mariellen,mbownde3@mediafire.com,+48 817 227 4450
1002,Thomas,Austin,jmeadows@hotmail.com,+44 690 892 8901
468,Derycot,Morris,mderycotcz@joomla.org,+92 770 859 6478
322,de Werk,Dougie,ddewerk8x@taobao.com,+27 804 318 7730
6,Mannin,Reinaldo,rmannin5@hatena.ne.jp,+62 581 263 0555
223,Cattellion,Ulric,ucattellion66@fastcompany.com,+380 175 949 7513
548,Guerreiro,Leonanie,lguerreirof7@cmu.edu,+62 220 301 3037
1535,Pennington,Donna,markhernandez@nguyen.com,+33 660 506 2416
40,Weir,Rabi,rweir13@google.ca,+86 190 894 8561
543,Poytress,Meggy,mpoytressf2@163.com,+7 253 293 0787
243,Madgett,Shelley,smadgett6q@rambler.ru,+234 976 243 4890
137,Barensky,Bil,bbarensky3s@nydailynews.com,+591 762 338 3902
1233,Carter,Heather,marksmith@hotmail.com,+34 606 602 8855
1508,Hill,Jeffery,paigewong@mitchell.com,+34 722 896 6840
1011,Herrera,William,mary55@hotmail.com,+1 628 402 1943
725,Sowerbutts,Dar,dsowerbuttsk4@sphinn.com,+62 115 440 5515
1107,Price,David,karenbrown@gmail.com,+1 723 900 3507
810,Stelfax,Rodrique,rstelfaxmh@tinyurl.com,+55 214 789 7118
1418,Jacobs,Frances,christinapayne@wagner.org,+44 730 795 7031
582,Westwell,Tyler,twestwellg5@amazon.de,+62 631 366 6753
1531,Hodges,Arthur,fraziermike@moss.com,+44 799 549 2789
1086,Scott,Jasmine,rogerspatrick@holland-montoya.com,+34 620 910 9979
1441,Bailey,Jeffrey,ldeleon@graham.com,+49 727 197 7784
377,Venton,Farris,fventonag@godaddy.com,+55 754 994 5467
315,Di Giacomo,Travis,tdigiacomo8q@earthlink.net,+1 878 891 4705
443,Gogan,Alexia,agoganca@geocities.jp,+86 838 780 7590
320,Bonwick,Avrom,abonwick8v@npr.org,+86 143 837 0707
907,Scola,Cal,cscolap6@rakuten.co.jp,+46 286 800 9402
866,Yelding,Lukas,lyeldingo1@gizmodo.com,+48 413 541 5646
1175,Smith,Adam,monicavazquez@roberts.com,+34 768 928 7714
425,Rosenwald,Tally,trosenwaldbs@deliciousdays.com,+86 989 234 8270
554,Plumtree,Laurent,lplumtreefd@chicagotribune.com,+63 165 190 4203
595,Heimes,Katrinka,kheimesgi@paypal.com,+62 408 212 9862
966,Summerscales,Lauralee,lsummerscalesqt@wiley.com,+63 418 751 2712
1121,Morris,Peggy,crawfordbrenda@tapia.net,+34 602 102 5657
1028,Townsend,Aimee,psimmons@gmail.com,+34 787 110 1542
1407,Lopez,Kevin,amylawrence@robertson.com,+49 705 497 7276
671,Rangle,Billy,brangleim@irs.gov,+1 558 693 1511
228,Sibbons,Franciskus,fsibbons6b@qq.com,+370 559 167 9949
766,Sansom,Hesther,hsansoml9@timesonline.co.uk,+82 364 245 8749
875,O'Cullen,Putnem,pocullenoa@aol.com,+54 699 190 0153
1037,Kim,Peter,patricia44@yahoo.com,+1 778 895 7750
1068,Humphrey,Steven,brett09@green.com,+44 676 530 5375
67,Mycroft,Carmel,cmycroft1u@ft.com,+86 842 108 6489
394,Endon,Daniella,dendonax@quantcast.com,+60 145 542 9913
580,Marrett,Matthiew,mmarrettg3@blinklist.com,+86 537 953 7041
25,Lintott,Tom,tlintotto@vimeo.com,+420 862 221 4925
212,Douch,Torrance,tdouch5v@skyrock.com,+46 526 897 6783
1204,Lara,Loretta,opeterson@brooks.com,+33 690 135 6300
842,Tunsley,Ramsey,rtunsleynd@hud.gov,+98 135 502 2808
537,Brimham,Antonina,abrimhamew@google.co.jp,+63 931 892 1390
1539,Jones,John,rothdenise@gmail.com,+34 766 504 9118
1375,Kelly,Gabriela,murphyronald@hotmail.com,+1 701 730 5171
86,Willishire,Enriqueta,ewillishire2d@baidu.com,+58 934 490 1975
1402,Silva,Cynthia,cperez@hotmail.com,+44 740 929 9150
273,Bussell,Gunar,gbussell7k@harvard.edu,+54 473 802 6142
989,Lande,Winfield,wlanderg@wiley.com,+57 945 829 3497
1099,Elliott,Tamara,rford@hotmail.com,+49 708 234 7961
1403,Gonzalez,Andrea,matthewwhite@hotmail.com,+1 790 363 3602
631,Struther,Barthel,bstrutherhi@ted.com,+7 731 835 0064
1069,Miller,Lisa,wilsonkathryn@wilson.info,+49 777 530 3998
1489,Clark,Heather,powellkayla@yahoo.com,+34 654 746 9782
506,Cronchey,Lorine,lcroncheye1@etsy.com,+46 854 419 2813
274,Housbey,Elia,ehousbey7l@yellowpages.com,+46 574 119 6880
1498,Barnes,Terri,joshuaroberts@gmail.com,+44 784 210 7494
363,Gipps,Suzann,sgippsa2@buzzfeed.com,+62 833 172 5496
623,Maiden,Reid,rmaidenha@stanford.edu,+63 105 369 0895
3,Skryne,Evvy,eskryne2@shinystat.com,+7 927 347 7529
7,O'Cannon,Vanya,vocannon6@weather.com,+66 354 920 6976
312,Dibdin,Mab,mdibdin8n@goo.ne.jp,+62 129 916 1226
1054,Mccullough,Melanie,james66@hotmail.com,+44 619 555 7011
711,Cadwaladr,Elliot,ecadwaladrjq@who.int,+66 872 819 8798
666,Grierson,Ulrich,ugriersonih@addtoany.com,+689 433 367 9206
1232,Aguilar,Monica,johncarpenter@watson-hodges.info,+44 734 585 5966
1534,Nguyen,Michael,changandrea@gmail.com,+49 677 658 3873
216,des Remedios,Salomon,sdesremedios5z@multiply.com,+370 702 797 2784
813,Hosten,Jessa,jhostenmk@usgs.gov,+86 462 814 1349
28,Hutcheons,Jeramie,jhutcheonsr@intel.com,+63 729 547 5902
1119,Taylor,James,johnburton@potts.net,+1 771 519 8870
1161,Hayes,Jennifer,chelsea52@yahoo.com,+1 716 669 9996
1424,Hernandez,Lisa,fhall@gmail.com,+1 604 599 5731
639,Egglestone,Libbie,legglestonehq@google.com.br,+33 439 282 5741
808,Hannibal,Ronny,rhannibalmf@csmonitor.com,+86 966 137 5666
692,Corkish,Ferdinanda,fcorkishj7@google.es,+44 437 517 7656
894,Rycraft,Siegfried,srycraftot@angelfire.com,+62 708 654 0385
625,Vasyunkin,Herman,hvasyunkinhc@hhs.gov,+7 681 460 1866
918,McCaughan,Ganny,gmccaughanph@aol.com,+81 177 406 8143
257,Volleth,Dyana,dvolleth74@acquirethisname.com,+971 269 888 6946
26,McFarlan,Rad,rmcfarlanp@timesonline.co.uk,+7 180 202 7068
337,Hilland,Sibby,shilland9c@nba.com,+502 743 705 1233
573,Cardenosa,Carey,ccardenosafw@devhub.com,+46 738 244 9103
48,Wearing,Eward,ewearing1b@cafepress.com,+86 538 111 8278
107,Bewsy,Tate,tbewsy2y@blogger.com,+98 321 499 4678
350,Newlove,Lisle,lnewlove9p@businesswire.com,+1 304 406 7518
56,Mc Dermid,Emmy,emcdermid1j@icq.com,+358 800 283 0711
1059,Mcpherson,Madison,ronaldgonzalez@gmail.com,+44 795 246 6766
214,Trembey,Stacia,strembey5x@feedburner.com,+62 344 963 7247
121,Skep,Mack,mskep3c@blogspot.com,+63 200 191 4285
939,Lyttle,Fowler,flyttleq2@multiply.com,+351 311 514 1031
1224,Jacobs,Patricia,jaredperry@hotmail.com,+33 715 210 9923
73,Simonini,Maximo,msimonini20@washingtonpost.com,+254 862 390 4102
1350,Rivers,James,zjohnson@bell.info,+33 675 896 9739
840,Paolillo,Nady,npaolillonb@apple.com,+389 651 234 1736
775,Gianni,Afton,agiannili@phoca.cz,+62 762 911 5669
46,Scarce,Cris,cscarce19@123-reg.co.uk,+86 506 922 0457
1313,Stephens,Sheryl,deborah02@baker-gibbs.net,+44 769 603 7488
524,Dunk,Jeremy,jdunkej@latimes.com,+48 925 641 3916
938,Chatburn,Will,wchatburnq1@netvibes.com,+351 833 226 4027
1044,Fleming,Tim,thorntonkristen@mann.info,+34 613 290 9002
933,Yarker,Judie,jyarkerpw@boston.com,+55 991 201 4944
856,Mil,Matty,mmilnr@independent.co.uk,+86 136 441 7958
534,Vedyasov,Mallorie,mvedyasovet@ebay.com,+387 806 621 6964
1180,Hutchinson,Wesley,kevinpalmer@yahoo.com,+1 745 241 6006
604,Clarson,Karlens,kclarsongr@wired.com,+383 885 272 8764
466,Dundridge,Templeton,tdundridgecx@newyorker.com,+55 809 526 8153
880,O'Flynn,Felic,foflynnof@usatoday.com,+86 819 149 8670
1327,Mcbride,Teresa,marymclaughlin@mitchell.com,+1 664 934 6852
837,Christensen,Timoteo,tchristensenn8@sfgate.com,+48 225 397 3983
1074,Erickson,Karen,tyler29@gmail.com,+34 795 593 9259
61,Krates,Dorothea,dkrates1o@nhs.uk,+1 887 970 5723
1491,Schultz,Eric,renee68@yahoo.com,+34 719 110 5392
93,Suthworth,Merci,msuthworth2k@marketwatch.com,+976 202 971 8046
667,Gostall,Serge,sgostallii@wikispaces.com,+373 355 408 1537
756,Fransman,Constantino,cfransmankz@flickr.com,+86 681 499 0880
195,Bourchier,Nicolais,nbourchier5e@hud.gov,+7 491 327 9706
281,Blue,Rivkah,rblue7s@macromedia.com,+63 920 507 6450
696,Schiell,Daffie,dschielljb@altervista.org,+691 993 548 4910
360,Jukes,Peadar,pjukes9z@sbwire.com,+86 410 705 1530
520,Worvell,Shurlocke,sworvellef@github.io,+7 737 570 2848
1310,Howard,Lauren,carlos89@herrera.info,+44 603 100 2781
865,Elloway,Alli,aellowayo0@slashdot.org,+976 476 762 1634
183,Loges,Fionna,floges52@techcrunch.com,+51 398 313 3534
1064,Morris,Lori,sbaldwin@hotmail.com,+49 691 623 5117
1246,Russo,Carlos,clintonnichols@stephens-marks.biz,+44 766 874 1918
111,Kenaway,Chiquita,ckenaway32@cyberchimps.com,+62 659 234 8514
1139,Arellano,Eugene,elizabeth89@yahoo.com,+34 780 327 5986
43,Lingwood,Minna,mlingwood16@vkontakte.ru,+359 612 391 9782
747,Yashnov,Rozamond,ryashnovkq@earthlink.net,+51 817 348 1971
988,Fleet,Reece,rfleetrf@guardian.co.uk,+850 230 121 5541
205,Gager,Meyer,mgager5o@webmd.com,+98 250 777 6578
887,Alleway,Ester,eallewayom@hao123.com,+86 857 405 5107
53,Briiginshaw,Tabby,tbriiginshaw1g@naver.com,+27 499 969 6942
1168,Smith,William,rogersjoe@gmail.com,+33 753 359 2827
546,Rippingall,Elka,erippingallf5@oakley.com,+63 894 136 3576
69,Musgrove,Danya,dmusgrove1w@google.ca,+254 281 957 9744
967,Robecon,Richart,rrobeconqu@google.pl,+46 302 119 5032
925,Kilian,Carver,ckilianpo@ucla.edu,+387 606 165 5539
811,Filipchikov,Carmine,cfilipchikovmi@delicious.com,+7 701 666 0475
184,McCafferky,Korry,kmccafferky53@unblog.fr,+7 575 375 6367
138,Geffcock,Godfry,ggeffcock3t@nps.gov,+351 261 721 6245
133,Mazey,Cherilyn,cmazey3o@nih.gov,+502 850 326 2441
81,Tremmel,Emanuele,etremmel28@fc2.com,+57 137 760 7429
1260,Bradley,Angela,jday@gmail.com,+44 618 288 7932
106,Pollastrino,Etheline,epollastrino2x@aol.com,+55 879 964 6776
1346,Dalton,Megan,dennis41@meyer-foster.com,+34 682 104 5787
542,Valde,Vassily,vvaldef1@biblegateway.com,+56 397 116 7318
1324,Carr,Brendan,dianarussell@morgan.com,+44 750 343 2976
481,Paff,Almeda,apaffdc@howstuffworks.com,+351 919 269 9426
166,McCrisken,Aguste,amccrisken4l@bbb.org,+86 407 310 2830
249,McQuin,Rochester,rmcquin6w@loc.gov,+55 814 793 6556
308,Grzelak,Gwynne,ggrzelak8j@nasa.gov,+48 691 148 0098
447,Whisker,Ferdinand,fwhiskerce@ftc.gov,+86 777 136 2916
803,Marwick,Isidro,imarwickma@europa.eu,+48 287 597 1037
335,Jeune,Augy,ajeune9a@pcworld.com,+33 462 648 7595
98,Sommerfeld,Angel,asommerfeld2p@weather.com,+967 967 424 1452
818,Lillico,Austen,alillicomp@skype.com,+359 956 337 6334
738,Schoular,Katusha,kschoularkh@japanpost.jp,+7 684 810 3550
947,Penwell,Julia,jpenwellqa@booking.com,+86 610 844 7459
904,Berzen,Benjie,bberzenp3@google.it,+86 371 697 1405
1108,Padilla,George,maxwellhenry@roach.com,+1 696 673 3481
103,McGuinness,Elijah,emcguinness2u@independent.co.uk,+86 808 622 5326
435,Govier,Maynord,mgovierc2@dailymail.co.uk,+62 178 671 5657
75,Netting,Hermy,hnetting22@desdev.cn,+385 438 782 7080
1393,Sharp,Bryan,robinsonbrenda@yahoo.com,+49 704 279 4988
1023,Davis,Leslie,sullivancorey@yahoo.com,+49 725 184 8051
1546,Galvan,John,taylor77@herman.com,+34 726 298 2696
303,Hatch,Osmond,ohatch8e@smh.com.au,+62 661 274 1272
1343,Simpson,Matthew,danielcox@hotmail.com,+1 621 205 1429
1312,Gordon,Brady,toniryan@ayers.com,+33 761 102 5720
1271,Williams,Jorge,williamrodriguez@yahoo.com,+49 639 798 4446
763,Danahar,Delila,ddanaharl6@clickbank.net,+55 499 264 4113
734,Roome,Erie,eroomekd@newsvine.com,+595 121 843 0500
389,Batchley,Matthiew,mbatchleyas@washington.edu,+420 459 798 6104
236,Rydings,Marlo,mrydings6j@google.com,+86 378 341 6894
1294,Lopez,Gary,lopezamanda@gmail.com,+1 727 629 6421
268,Madner,Mitchell,mmadner7f@java.com,+51 304 731 2715
306,Farrear,Betsey,bfarrear8h@seesaa.net,+593 764 232 4905
850,Hinrichs,Andriana,ahinrichsnl@springer.com,+242 676 757 6553
118,Scipsey,Alayne,ascipsey39@disqus.com,+963 238 399 9682
1259,Rodriguez,Jesus,jeremyhuerta@hotmail.com,+34 748 641 2328
674,Fitt,Kissiah,kfittip@prnewswire.com,+234 820 300 0272
250,Creffield,Carrissa,ccreffield6x@imdb.com,+852 244 544 3632
1132,Jackson,Larry,erice@gomez.com,+1 679 983 1544
1191,Stewart,Brian,stephen72@robbins.com,+49 600 339 9605
72,Gradley,Sharleen,sgradley1z@prnewswire.com,+55 515 517 5104
95,Verring,Kean,kverring2m@bluehost.com,+86 951 378 0405
916,Sainz,Donnell,dsainzpf@engadget.com,+86 909 325 7203
34,Yellowlees,Bartolomeo,byellowleesx@telegraph.co.uk,+48 836 609 0285
800,Simenel,Terrill,tsimenelm7@sun.com,+420 966 187 7626
1229,Warren,Ashlee,tiffany36@brown-torres.info,+49 797 688 5474
449,Couronne,Lacee,lcouronnecg@macromedia.com,+234 607 121 6431
446,Solomonides,Lebbie,lsolomonidescd@umich.edu,+55 784 200 1611
772,Bendon,Hakeem,hbendonlf@sbwire.com,+387 221 804 6598
717,Mully,Koressa,kmullyjw@umich.edu,+62 123 420 3725
1552,Smith,James,williamsann@williams-bowman.com,+44 720 978 1567
1279,Malone,Jack,heatherkelly@blair.biz,+34 691 394 6815
1377,Davis,Christopher,russell87@hall-ramirez.com,+34 642 905 8474
1169,Hardin,Alicia,john94@yahoo.com,+44 729 906 5863
78,Cranney,William,wcranney25@loc.gov,+62 744 932 5088
85,Peerless,Adel,apeerless2c@exblog.jp,+62 106 457 0059
902,Middler,Hakeem,hmiddlerp1@usa.gov,+62 899 396 5320
83,McCanny,Bill,bmccanny2a@cam.ac.uk,+63 239 152 4781
458,Fahrenbach,Sander,sfahrenbachcp@icio.us,+53 529 192 2493
1166,Flores,Joshua,pjohnson@snyder.com,+33 619 529 4717
677,Bettinson,Didi,dbettinsonis@skyrock.com,+970 801 364 3228
1496,Perry,Kimberly,fwhite@hotmail.com,+44 622 262 9755
1114,Newman,James,ashleybradley@gmail.com,+33 685 345 3125
437,Isenor,Darcy,disenorc4@networksolutions.com,+86 637 801 5073
771,Husher,Corinne,chusherle@gov.uk,+55 925 399 3698
645,Ronchetti,Fernandina,fronchettihw@narod.ru,+7 944 320 6112
889,Beckensall,Aloisia,abeckensalloo@smugmug.com,+86 561 925 0771
979,Warrier,Bil,bwarrierr6@sitemeter.com,+1 633 165 6709
1240,Richardson,Christina,richardsondenise@hotmail.com,+1 612 666 2172
1162,Jacobs,Antonio,bethany61@gmail.com,+44 667 899 7327
405,Knevett,Seline,sknevettb8@soup.io,+55 172 439 1423
1353,Russell,Vincent,lfaulkner@hotmail.com,+34 616 664 1193
1007,Marks,Jonathan,sanchezchristine@hernandez-rios.net,+44 640 611 5580
1548,Gilbert,Ryan,weberwilliam@brown.com,+44 629 650 3443
105,Sreenan,Ali,asreenan2w@csmonitor.com,+44 382 246 0510
610,Snodin,Rockey,rsnodingx@vistaprint.com,+33 365 586 0950
899,Berthome,Sheffie,sberthomeoy@uiuc.edu,+86 248 411 9345
689,Shouler,Craggie,cshoulerj4@usatoday.com,+55 970 118 0546
1081,Massey,David,michaelwhite@gmail.com,+34 653 105 3275
827,Galbreath,Blondie,bgalbreathmy@hud.gov,+353 954 104 0507
1188,Rodriguez,Susan,markfloyd@burke-parker.biz,+1 728 796 8532
1005,Bryant,Carolyn,zdennis@wright-rodriguez.info,+34 779 467 2942
63,Sustins,Kev,ksustins1q@reddit.com,+86 213 932 1041
282,Cardoe,Hilliary,hcardoe7t@google.com.au,+251 384 973 3978
853,Langfitt,Kahlil,klangfittno@blogspot.com,+7 142 920 5076
779,Cran,Ransom,rcranlm@patch.com,+46 902 613 4487
1387,Parker,Isaiah,wilcoxbilly@hotmail.com,+44 752 136 7182
239,Ladell,Killian,kladell6m@unicef.org,+351 751 606 3441
224,Dabnot,Curtis,cdabnot67@yahoo.co.jp,+7 894 549 9354
146,Matteotti,Arlena,amatteotti41@dmoz.org,+385 914 835 9352
1451,Williams,Natalie,hsimmons@green.org,+33 633 899 4783
374,Marcam,Aggi,amarcamad@jigsy.com,+63 544 873 5874
1467,Choi,Sarah,josephmason@martin.net,+44 634 842 4863
119,Aickin,Bondon,baickin3a@disqus.com,+353 601 584 6755
1170,Lee,Raymond,randallsampson@roth-torres.com,+33 636 664 4649
1192,Daniels,Taylor,jeffreymartin@frey.biz,+33 634 616 4590
251,Rennolds,Benjie,brennolds6y@adobe.com,+370 730 742 9331
1499,Acosta,Natasha,uflores@lawrence-hanson.com,+44 684 788 7647
1256,Castro,Laura,dbrown@russell.org,+1 608 851 5526
964,Lazenbury,Kale,klazenburyqr@shutterfly.com,+591 852 178 5278
10,Cocke,Norby,ncocke9@imdb.com,+1 414 923 1143
450,Mayhew,Spencer,smayhewch@cornell.edu,+46 598 585 6721
953,Bellin,Kile,kbellinqg@sohu.com,+86 357 333 8764
709,Stringman,Giuseppe,gstringmanjo@webmd.com,+62 558 616 3126
256,Dot,Armin,adot73@narod.ru,+62 851 930 0965
883,Ormonde,Myrwyn,mormondeoi@economist.com,+994 973 547 8814
594,Le Monnier,Desdemona,dlemonniergh@mozilla.org,+86 353 291 2797
390,Shadbolt,Horatia,hshadboltat@boston.com,+30 130 972 8152
1227,Armstrong,David,liujessica@green.com,+1 607 788 4856
1248,Hernandez,Gordon,robleslance@yahoo.com,+44 749 376 7381
558,Crafter,Dewitt,dcrafterfh@globo.com,+1 554 656 2183
1337,Floyd,Ian,stricklandmarc@yahoo.com,+49 789 775 7808
908,Caplan,Danit,dcaplanp7@desdev.cn,+51 534 112 7471
461,Lowthorpe,Carlotta,clowthorpecs@privacy.gov.au,+30 923 848 6733
724,Snibson,Everett,esnibsonk3@nba.com,+63 390 823 9346
1434,Bauer,Edward,sarahmccormick@tucker.com,+49 686 900 4216
145,D'eath,Donnie,ddeath40@dedecms.com,+380 463 709 0267
502,Dyott,Christos,cdyottdx@github.io,+48 617 938 8560
1138,Carter,Taylor,wendyturner@miller.biz,+34 659 694 7780
740,Buxcey,Michail,mbuxceykj@economist.com,+7 254 180 9278
1437,Cortez,Larry,melissa83@webb.com,+33 667 550 9774
869,de Werk,Matthew,mdewerko4@sohu.com,+55 672 224 2511
732,Barks,Ferdinand,fbarkskb@tripod.com,+7 749 610 1323
540,Worrell,Lu,lworrellez@ycombinator.com,+60 694 707 7983
178,Goburn,Rem,rgoburn4x@ow.ly,+93 484 390 3751
1501,Mayo,Kristin,johnsonderrick@hernandez.info,+44 691 739 7378
698,Valler,Estele,evallerjd@comsenz.com,+389 657 554 1031
1014,Evans,Frederick,davenportbruce@faulkner.com,+49 729 510 8462
1085,Evans,Martha,clloyd@yahoo.com,+34 798 458 2573
945,Bonelle,Jamie,jbonelleq8@i2i.jp,+385 643 930 9470
971,Durward,Flint,fdurwardqy@va.gov,+1 513 179 0207
1550,Hunt,Jennifer,bonillaangelica@davenport.com,+1 740 237 4505
8,Flaxon,Wash,wflaxon7@flavors.me,+370 670 607 9108
932,Lebourn,Butch,blebournpv@csmonitor.com,+962 687 694 5408
668,Whaley,Jamal,jwhaleyij@wordpress.org,+31 422 996 2474
1205,Blake,Laura,bobbyrodriguez@alvarez.net,+1 623 851 3425
358,Tythe,Ginelle,gtythe9x@pcworld.com,+880 779 546 0036
784,Spinelli,Cheryl,cspinellilr@shareasale.com,+57 499 913 7455
736,Meere,Arabel,ameerekf@dropbox.com,+86 102 550 7352
330,Powlett,Georg,gpowlett95@unesco.org,+380 386 565 4775
1091,Johnson,Michael,debbieharris@yahoo.com,+44 601 166 4524
1193,Cortez,Heidi,gilbertjohn@snyder.com,+44 774 962 2559
1160,Johnson,Courtney,sarah56@boone.com,+34 745 132 1025
259,Dartnell,Trina,tdartnell76@bravesites.com,+255 329 626 5354
950,Haworth,Rosemaria,rhaworthqd@bravesites.com,+86 514 629 2210
1221,Calhoun,Yolanda,lstewart@choi.info,+34 632 476 3085
373,Dampier,Wendall,wdampierac@mtv.com,+54 934 679 6787
1145,Ball,Jessica,kenneth77@gmail.com,+34 611 251 4413
999,Janota,Werner,wjanotarq@liveinternet.ru,+62 347 137 3323
143,Ketteman,Cathi,cketteman3y@soup.io,+86 116 908 6432
526,Cayford,Gray,gcayfordel@acquirethisname.com,+54 579 810 9160
1453,Page,William,eroberts@yahoo.com,+44 701 108 1666
233,Greschik,Nan,ngreschik6g@bravesites.com,+386 510 766 0122
1164,Klein,Kristin,shannonsimpson@gmail.com,+44 697 324 7620
1476,Brady,Christopher,amcmillan@gmail.com,+34 677 902 6346
441,Ivashkov,Ailene,aivashkovc8@nasa.gov,+355 715 686 1936
532,Jessel,Jack,jjesseler@yahoo.com,+86 178 384 8954
1354,Mathews,Gregory,jennifercain@hotmail.com,+1 711 799 1759
227,Behneke,Towny,tbehneke6a@examiner.com,+227 715 493 8937
1430,Hurley,Elizabeth,kimberlydunn@griffin.com,+34 799 923 4242
229,Escritt,Kermy,kescritt6c@dedecms.com,+63 608 867 4059
1329,Smith,James,aaronhill@hotmail.com,+34 741 822 5215
1347,Pope,Patricia,jason47@leonard.biz,+1 602 615 8552
213,Petkens,Evvie,epetkens5w@lycos.com,+51 230 679 1058
886,Adams,Nike,nadamsol@army.mil,+380 296 942 1646
80,Verrill,Wyndham,wverrill27@wikia.com,+62 416 267 1315
149,Bithany,Marcile,mbithany44@tripadvisor.com,+62 432 174 4931
815,Billows,Des,dbillowsmm@prweb.com,+994 573 766 6730
977,Swin,Maisie,mswinr4@dyndns.org,+255 208 105 4472
986,Poluzzi,Claudelle,cpoluzzird@storify.com,+1 297 690 4276
672,Legier,Sinclare,slegierin@squidoo.com,+1 899 422 5279
1210,Jones,William,wcrawford@avila.com,+44 607 119 8149
556,Beet,Yank,ybeetff@harvard.edu,+86 789 667 1682
1226,Jimenez,Daniel,tchambers@smith.info,+34 684 160 9465
134,Gabbat,Florry,fgabbat3p@reuters.com,+62 129 973 8318
1150,Wagner,Grant,john88@powell.info,+49 786 585 2736
934,Dorber,Emmi,edorberpx@prweb.com,+55 625 551 8088
1322,Nelson,Andrea,michaelreilly@gmail.com,+1 769 337 4803
824,Airth,Gillan,gairthmv@cam.ac.uk,+48 376 362 5665
409,Acom,Tulley,tacombc@ft.com,+86 568 848 3154
369,Fearne,Barrie,bfearnea8@parallels.com,+51 608 601 7975
508,Borgars,Elwood,eborgarse3@amazon.de,+351 820 786 7328
1228,Osborne,William,prestonbrown@yahoo.com,+34 624 539 2473
505,Fyfe,Donovan,dfyfee0@github.io,+372 167 130 7810
1382,Leonard,Steven,patriciaevans@hotmail.com,+33 716 793 7481
348,Bleazard,Zulema,zbleazard9n@blogtalkradio.com,+86 527 109 4154
387,Caswill,Alasteir,acaswillaq@hexun.com,+62 723 152 4791
1,Baelde,Calv,cbaelde0@sakura.ne.jp,+63 831 262 8732
1036,Garrison,Derek,carlhendricks@walker.com,+34 757 649 4954
361,Benfell,Giraldo,gbenfella0@mit.edu,+46 903 489 8385
895,Burkhill,Minette,mburkhillou@geocities.com,+351 199 859 7520
829,Chicken,Stillmann,schickenn0@aboutads.info,+63 117 333 8278
1468,Horne,Kenneth,djordan@arias-howard.info,+33 774 643 3667
476,Tolefree,Trent,ttolefreed7@typepad.com,+355 254 386 7024
1330,Santiago,Albert,kaitlynreynolds@cooper-wagner.com,+44 654 519 5751
58,Veschi,Reinwald,rveschi1l@sciencedirect.com,+82 179 814 7211
638,Livett,Adham,alivetthp@oakley.com,+7 183 767 7853
1356,Black,Tara,elizabeth40@wells-schmidt.com,+34 619 267 4634
1089,Martin,Scott,robert77@yahoo.com,+33 727 536 5385
653,Hovie,Dory,dhoviei4@state.gov,+504 867 915 0399
173,Arthan,Albert,aarthan4s@usa.gov,+33 279 105 7795
451,Battershall,Urbanus,ubattershallci@webnode.com,+254 851 336 2664
126,Beaze,Gerty,gbeaze3h@mail.ru,+86 399 688 9277
39,Cuskery,Harli,hcuskery12@netlog.com,+86 523 454 7812
531,Kingsnorth,Valentina,vkingsnortheq@stumbleupon.com,+86 108 601 9168
858,Alldritt,Alf,aalldrittnt@statcounter.com,+420 333 332 5899
714,Hast,Vivie,vhastjt@usatoday.com,+351 200 962 2848
91,Jobb,Pamela,pjobb2i@de.vu,+81 526 863 7919
1505,Owens,Jason,sabrinariley@hotmail.com,+34 701 995 5554
182,Jovasevic,Nikita,njovasevic51@odnoklassniki.ru,+506 322 506 9829
876,Buckston,Simone,sbuckstonob@wisc.edu,+48 919 852 8510
1050,Johnston,David,robin56@gmail.com,+49 713 722 6494
787,Burnhill,Siward,sburnhilllu@odnoklassniki.ru,+62 136 928 4796
415,Bembrick,Eryn,ebembrickbi@bluehost.com,+33 107 130 3577
252,Hillam,Noemi,nhillam6z@clickbank.net,+86 577 518 7879
70,Gonnin,Sibyl,sgonnin1x@ezinearticles.com,+598 206 311 2721
804,Mycock,Marris,mmycockmb@hexun.com,+55 882 396 8871
132,Hasney,Edita,ehasney3n@phpbb.com,+56 453 995 6969
301,Scripture,Leilah,lscripture8c@archive.org,+234 705 224 2691
1238,Preston,Breanna,james26@yahoo.com,+33 767 766 4545
327,McKearnen,Stanford,smckearnen92@tamu.edu,+963 858 205 4585
1521,Thomas,Matthew,morgancox@brown-rodriguez.com,+1 762 294 4038
1297,Lopez,Jacob,andrea23@fleming.biz,+34 663 874 4947
500,Petel,Josefina,jpeteldv@miibeian.gov.cn,+46 996 657 5783
342,Gullivan,Goldy,ggullivan9h@statcounter.com,+359 411 370 9052
833,Perkinson,Netta,nperkinsonn4@army.mil,+82 397 652 2325
365,Maccaig,Tracie,tmaccaiga4@blog.com,+62 587 270 2064
496,Brixey,Marlowe,mbrixeydr@4shared.com,+62 909 856 3456
1447,Vasquez,John,aguerrero@yahoo.com,+44 732 516 8920
339,Fullerton,Willey,wfullerton9e@yelp.com,+86 605 102 0559
422,Shaddock,Salem,sshaddockbp@ezinearticles.com,+49 110 504 2311
165,Dowell,Ardis,adowell4k@de.vu,+86 762 921 0774
29,Baert,Niles,nbaerts@wiley.com,+84 122 603 2934
517,Plumbridge,Tully,tplumbridgeec@epa.gov,+48 362 600 6475
194,Borg,Sherm,sborg5d@symantec.com,+62 532 553 8301
1034,Wood,Janet,tmoore@hotmail.com,+49 712 666 2040
1480,Montes,Darrell,jenkinsmatthew@garcia-ashley.info,+1 643 333 3656
946,Postins,Ajay,apostinsq9@gravatar.com,+62 637 327 7531
1413,Hodges,Amanda,jonathan81@gmail.com,+44 720 591 1181
170,Huttley,Yettie,yhuttley4p@guardian.co.uk,+86 892 303 3148
913,Taylorson,Nickola,ntaylorsonpc@simplemachines.org,+62 137 655 3585
492,Itzkovsky,Carolyn,citzkovskydn@e-recht24.de,+62 879 988 3118
954,Geke,Lizzy,lgekeqh@posterous.com,+351 287 952 6212
588,Luna,Teodor,tlunagb@prnewswire.com,+62 324 944 6097
751,Argrave,Reynard,rargraveku@google.fr,+86 810 974 9119
658,Hambrook,Carly,chambrooki9@parallels.com,+86 439 973 9364
235,Ladson,Gracia,gladson6i@sitemeter.com,+62 359 891 2781
733,Benoiton,Trenton,tbenoitonkc@so-net.ne.jp,+62 460 208 6591
1146,Jefferson,Martin,jessica21@hotmail.com,+34 610 387 3516
1275,Kramer,Luis,lorrainejimenez@hotmail.com,+1 789 262 1764
935,Piotrowski,Chaunce,cpiotrowskipy@csmonitor.com,+46 982 202 4136
109,Davitt,Cloris,cdavitt30@irs.gov,+86 977 278 2084
569,McClarence,Olia,omcclarencefs@google.co.jp,+48 443 878 4958
891,Erett,Rebe,rerettoq@ft.com,+86 700 242 1280
948,Cupper,Meghann,mcupperqb@cisco.com,+1 183 636 3755
1051,Valdez,Jeffrey,scott47@gmail.com,+33 712 957 7707
885,Abramovici,Lemmie,labramoviciok@mtv.com,+234 335 844 9586
1314,Huerta,Angela,cindyjenkins@gmail.com,+1 720 267 4464
851,Osborne,Hiram,hosbornenm@wufoo.com,+63 722 713 2314
735,Guilder,Cory,cguilderke@columbia.edu,+212 394 856 9071
718,Ozintsev,Omero,oozintsevjx@storify.com,+86 883 353 1880
455,MacLucais,Ettie,emaclucaiscm@aol.com,+62 165 477 8570
265,Langtree,Mella,mlangtree7c@surveymonkey.com,+86 691 280 6995
76,Barson,Fara,fbarson23@howstuffworks.com,+351 169 766 5829
445,Petrina,Paton,ppetrinacc@ucoz.com,+675 395 381 3954
396,Saurat,Udale,usaurataz@opera.com,+420 317 204 9980
177,Shird,Cull,cshird4w@xrea.com,+63 220 912 7481
1043,Weber,Daniel,monica77@parker.com,+44 665 100 7415
1360,Washington,Dorothy,tzhang@hotmail.com,+49 787 164 5350
1092,Gentry,Arthur,william35@yahoo.com,+44 775 253 4490
1075,Kim,James,davidodom@pacheco.com,+1 741 287 9232
596,Kinder,Rosie,rkindergj@tinyurl.com,+84 758 275 0955
62,Cretney,Ellie,ecretney1p@creativecommons.org,+55 222 615 4975
873,Holwell,Hope,hholwello8@purevolume.com,+57 796 562 7850
1445,Ray,Victor,zglover@hotmail.com,+44 706 215 7551
1459,Coleman,Albert,stephanie20@beltran-campbell.com,+34 664 656 8543
279,Dwelly,Carlin,cdwelly7q@phoca.cz,+386 532 649 4699
37,Spittle,Cornela,cspittle10@163.com,+1 203 170 8284
663,Corneille,Kane,kcorneilleie@nba.com,+55 302 446 9747
1404,Simpson,Meghan,williamsstephanie@dawson.net,+34 768 555 1107
1126,Gross,Jennifer,robertsshane@sanders.com,+34 788 467 2649
978,Paradin,Fran,fparadinr5@w3.org,+55 952 155 3580
739,Wince,Beck,bwinceki@gnu.org,+7 121 649 3230
192,Di Boldi,Dido,ddiboldi5b@squarespace.com,+47 870 225 0750
920,Alderton,Tremain,taldertonpj@clickbank.net,+58 297 419 8980
457,Roseborough,Eleanora,eroseboroughco@adobe.com,+62 377 117 3927
676,McGillreich,Mateo,mmcgillreichir@soup.io,+55 875 336 2858
761,Digle,Morgun,mdiglel4@cam.ac.uk,+63 840 337 6548
1405,Kennedy,Lucas,patrick81@dodson.org,+49 739 673 1408
729,Gossop,Elisha,egossopk8@toplist.cz,+255 275 398 7422
413,Anfonsi,Jermaine,janfonsibg@issuu.com,+62 802 593 2053
826,Tilby,Tristan,ttilbymx@forbes.com,+62 594 389 7435
617,Bradley,Reggi,rbradleyh4@nydailynews.com,+86 288 833 4703
115,Randales,Mar,mrandales36@canalblog.com,+62 358 528 9925
418,Gritland,Stefa,sgritlandbl@163.com,+7 269 339 7179
1481,Taylor,Carla,luishill@sullivan-hernandez.net,+34 614 486 9243
970,Rentenbeck,Michael,mrentenbeckqx@rediff.com,+48 683 171 7849
605,Gridley,Kali,kgridleygs@amazon.de,+48 497 380 6654
1487,Wilson,Theresa,hfrench@cruz-gonzalez.info,+33 700 550 6366
90,Jeanon,Anthony,ajeanon2h@va.gov,+62 579 767 2546
849,Kibbee,Inge,ikibbeenk@tinypic.com,+380 176 610 4876
1189,Bartlett,Philip,hughesconnie@yahoo.com,+34 616 944 9899
1486,Wood,Martin,william37@hotmail.com,+44 748 173 7430
754,Barnaclough,Syd,sbarnacloughkx@meetup.com,+86 612 827 0350
499,Serrurier,Collette,cserrurierdu@nationalgeographic.com,+55 488 783 1821
12,Spong,Emmeline,espongb@si.edu,+63 957 785 8160
397,Mooring,Gary,gmooringb0@thetimes.co.uk,+63 958 337 4764
285,Stonehewer,Randene,rstonehewer7w@nytimes.com,+86 462 138 4916
1067,Vaughn,Patrick,walter80@yahoo.com,+34 764 937 7561
691,Thorrington,Gare,gthorringtonj6@microsoft.com,+86 975 463 4244
1278,Garcia,Jason,hopkinsnicholas@hotmail.com,+49 647 546 6581
1456,Parks,Christine,awhite@wallace.com,+1 635 476 5961
690,Thorneloe,Vera,vthorneloej5@java.com,+380 763 854 5868
852,Bartholomieu,Mick,mbartholomieunn@phoca.cz,+7 613 202 2218
160,Waslin,Erminie,ewaslin4f@sohu.com,+86 848 645 1295
896,Lapthorn,Avivah,alapthornov@com.com,+86 931 175 8507
1236,Davis,Shawn,cgonzalez@gmail.com,+49 621 679 4014
258,Krabbe,Akim,akrabbe75@yahoo.co.jp,+86 466 465 6018
336,Spellissy,Eveline,espellissy9b@marketwatch.com,+27 524 660 2660
1556,Jackson,Anthony,timothy65@brown-atkinson.org,+49 713 459 1559
1040,Dalton,Melissa,hayley72@peterson-smith.com,+33 768 630 7699
516,Tinwell,Lynda,ltinwelleb@blogs.com,+62 340 696 7493
1016,Rodriguez,Carlos,zmartinez@robinson.net,+44 789 507 3487
769,Reasun,Donnell,dreasunlc@nature.com,+359 717 749 4355
1366,Ballard,Christine,ccruz@gmail.com,+33 765 955 6234
762,Fielder,Charles,cfielderl5@topsy.com,+994 881 739 5035
1293,Huffman,Christina,lindsay17@anderson.biz,+49 607 699 4235
522,Orry,Lib,lorryeh@washington.edu,+62 512 504 2211
23,Walpole,Christoffer,cwalpolem@thetimes.co.uk,+63 769 560 0223
357,Meacher,Franny,fmeacher9w@wordpress.com,+86 872 809 0666
1321,Hall,Christine,austinbarnes@ruiz.org,+1 603 306 8386
341,Kramer,Tana,tkramer9g@engadget.com,+504 369 439 9130
432,O'Donoghue,Dorolice,dodonoghuebz@woothemes.com,+591 464 532 4362
474,Cortez,Washington,wcortezd5@woothemes.com,+351 610 886 6740
218,Abrahart,Rafe,rabrahart61@xing.com,+52 989 731 8211
912,Pobjay,Winona,wpobjaypb@wikispaces.com,+62 433 346 2136
1252,Callahan,Virginia,jenniferpeterson@gay-henson.com,+44 765 318 8035
1012,Harper,Andrew,toddsarah@hotmail.com,+44 639 879 8365
1514,Duran,Angela,donnawalker@hotmail.com,+34 739 144 6651
94,Stockbridge,Saunder,sstockbridge2l@cocolog-nifty.com,+351 948 944 9185
1009,Spencer,Alexandra,devin67@gmail.com,+44 719 699 3574
1071,Lopez,Yvonne,jeffrey89@warner-james.com,+34 639 938 4503
1093,Clark,Jill,alyssa43@adams.com,+34 622 148 1239
697,Grigolon,Huntlee,hgrigolonjc@smugmug.com,+84 923 970 2269
1394,Mack,Kyle,mccoytina@castaneda.com,+44 601 933 1671
997,Linde,Marcelle,mlindero@shareasale.com,+233 223 399 6270
154,Emmanuel,Analiese,aemmanuel49@columbia.edu,+505 715 515 9557
1100,Quinn,Philip,mandrews@hart.com,+49 765 629 3964
1349,Hopkins,Sharon,aclark@hotmail.com,+1 661 612 7339
1555,Wilson,Angela,karenjordan@yahoo.com,+34 691 784 7081
790,Connue,Roslyn,rconnuelx@mozilla.com,+86 385 379 4228
581,Seeking,Sari,sseekingg4@tripadvisor.com,+7 824 648 5897
704,Kempton,Dalt,dkemptonjj@oaic.gov.au,+1 599 915 6157
1308,Obrien,Patrick,sburke@yahoo.com,+1 781 227 2998
488,Scardifield,Odie,oscardifielddj@yellowpages.com,+356 185 214 6516
560,Roper,Alicia,aroperfj@jiathis.com,+62 546 270 2713
1142,Walker,Sandra,richkarla@marquez-fowler.info,+33 712 161 9691
1120,Lopez,Michael,michael53@allen.com,+33 747 704 4774
802,Jinda,Andrew,ajindam9@microsoft.com,+231 394 740 0703
513,Ipsgrave,Florence,fipsgravee8@dailymotion.com,+46 965 633 0276
634,Kerwick,Zane,zkerwickhl@sphinn.com,+53 937 911 9425
1152,Smith,Brianna,qbarrera@foster.org,+33 701 770 4350
1390,Johnson,Autumn,chrisjohnson@miller.com,+1 744 682 7950
791,Newman,Mellisa,mnewmanly@yandex.ru,+86 613 745 8796
117,Trulock,Friedrich,ftrulock38@parallels.com,+502 994 984 8688
741,Dunk,Abagael,adunkkk@google.pl,+33 144 343 5411
1082,Weber,Paul,tiffanyyoung@gmail.com,+34 747 426 1039
831,Gladdor,Torey,tgladdorn2@imageshack.us,+1 445 496 2443
120,Boich,Yardley,yboich3b@cmu.edu,+234 265 260 4629
657,Monkleigh,Ettie,emonkleighi8@histats.com,+62 766 247 9204
1478,Brown,Luis,reeddavid@brown.biz,+1 615 714 9974
636,Benediktsson,Tuckie,tbenediktssonhn@mediafire.com,+55 719 119 3711
370,Dowsey,Kacey,kdowseya9@seesaa.net,+58 895 271 4392
269,Kibbe,Doris,dkibbe7g@yale.edu,+57 956 506 9977
656,Harewood,Baryram,bharewoodi7@instagram.com,+62 627 312 8697
936,Schleswig-Holstein,Halli,hschleswigholsteinpz@archive.org,+374 240 630 8552
823,Mogg,Phillipp,pmoggmu@state.tx.us,+20 710 770 8713
867,Tunesi,Goldie,gtunesio2@bravesites.com,+48 800 171 5757
47,Selwin,Minny,mselwin1a@kickstarter.com,+86 231 217 9661
1340,Baker,Nicole,dianaharris@williams-johnson.com,+1 709 675 5424
992,I'anson,Reid,riansonrj@skyrock.com,+62 258 313 9583
877,Maypother,Valle,vmaypotheroc@forbes.com,+86 522 357 7449
774,Corey,Valerie,vcoreylh@tinyurl.com,+351 176 304 2318
1557,Davis,Christopher,jobrien@hotmail.com,+49 781 883 2388
5,Rulten,Darrel,drulten4@clickbank.net,+7 192 902 1606
1004,Fowler,Matthew,sestrada@campbell.biz,+1 691 455 9344
1351,Gray,Sara,charles69@burgess-gutierrez.com,+33 757 190 4154
264,Vallance,Hana,hvallance7b@macromedia.com,+20 212 536 0102
1230,Lambert,Isabella,sawyerjulie@rangel.com,+49 703 834 5774
1422,Mcconnell,Matthew,kevin76@howard.net,+34 689 131 8735
444,Viccary,Anselma,aviccarycb@sogou.com,+63 757 506 4290
1003,Murray,Jonathon,williamsedwin@yahoo.com,+49 782 377 5880
1078,Carr,William,richardssarah@yahoo.com,+44 652 955 3783
838,Strathe,Salomone,sstrathen9@reference.com,+62 683 823 5251
1392,Murphy,Amanda,margaretwilliams@yahoo.com,+34 759 398 5331
305,Ferrea,Kore,kferrea8g@chron.com,+62 148 676 7452
1220,Williamson,Aaron,mgriffin@yahoo.com,+1 748 973 3131
314,Stockell,Ivett,istockell8p@1und1.de,+7 416 693 3530
150,Skippon,Tiebold,tskippon45@twitpic.com,+86 438 823 0283
1149,Maxwell,Jeff,eric29@gonzalez.com,+49 690 640 4991
575,Biggen,Rafaelita,rbiggenfy@ow.ly,+1 953 164 1830
51,McGeraghty,Packston,pmcgeraghty1e@w3.org,+63 851 212 3365
1217,Harper,Corey,paul71@hurst.biz,+34 623 400 8867
727,Simmank,Branden,bsimmankk6@uiuc.edu,+380 910 394 1725
834,Rulton,Christos,crultonn5@hubpages.com,+353 761 145 3802
1116,Cantu,Chad,rsutton@hotmail.com,+49 766 797 4534
1167,Holt,Amanda,dorseyjames@gmail.com,+1 690 247 8263
471,Hurworth,Creighton,churworthd2@wikipedia.org,+62 641 496 6396
972,Keogh,Simona,skeoghqz@intel.com,+48 536 286 0595
654,Caughan,Analiese,acaughani5@japanpost.jp,+55 396 288 8188
400,Roots,Fraser,frootsb3@clickbank.net,+86 191 754 4199
512,Llewellen,Maurits,mllewellene7@eepurl.com,+7 449 895 9517
321,Gavigan,Eva,egavigan8w@altervista.org,+56 385 690 2839
20,Kniveton,Monro,mknivetonj@geocities.com,+46 409 867 3874
685,Gellan,Valina,vgellanj0@mac.com,+234 474 186 7153
36,Varlow,Bealle,bvarlowz@yellowpages.com,+63 464 237 3609
903,Tansey,Jill,jtanseyp2@xrea.com,+55 299 379 7534
828,Spofford,Selena,sspoffordmz@tiny.cc,+260 461 107 5714
1544,Mata,Angela,ftaylor@kim.info,+33 658 658 1618
408,Larraway,Britt,blarrawaybb@ning.com,+54 385 391 7889
921,Cadd,Jodi,jcaddpk@bizjournals.com,+7 846 545 0183
538,Cuttle,Dierdre,dcuttleex@icio.us,+27 587 406 3850
759,Wardlow,Mala,mwardlowl2@cafepress.com,+351 342 671 6464
1063,Greene,Charlene,tiffany94@gmail.com,+49 619 408 9142
1200,Colon,Tammy,melissa69@martinez.com,+49 779 795 8396
246,Arlow,Read,rarlow6t@merriam-webster.com,+86 564 331 3571
1128,Hall,Regina,fgreene@hotmail.com,+44 697 459 3312
785,Roskeilly,Ernesto,eroskeillyls@microsoft.com,+46 724 346 0320
490,Cranham,Bride,bcranhamdl@hc360.com,+62 227 948 5139
155,Grocock,Valene,vgrocock4a@over-blog.com,+86 972 489 4347
962,Severs,Tyson,tseversqp@ftc.gov,+52 244 413 8186
854,Wetherburn,Issi,iwetherburnnp@feedburner.com,+7 720 989 3629
626,Simonetti,Corrie,csimonettihd@constantcontact.com,+33 688 299 5859
686,Mountney,Cal,cmountneyj1@amazon.co.uk,+33 929 593 1486
570,Gumby,Darill,dgumbyft@sbwire.com,+55 188 962 4922
1490,Cain,Mark,robert12@gmail.com,+33 714 160 2255
18,Gwinnel,Annmaria,agwinnelh@imgur.com,+55 547 164 5580
128,Streeten,Garrik,gstreeten3j@shinystat.com,+420 973 757 3387
1530,Daniels,Danielle,ffowler@hotmail.com,+34 795 136 6075
928,Crabb,Ignaz,icrabbpr@nymag.com,+420 967 535 0846
981,Guillot,Lammond,lguillotr8@ibm.com,+20 133 633 6240
1526,Gomez,James,jgonzalez@andrade.com,+49 643 724 2375
191,Dammarell,Cecile,cdammarell5a@cocolog-nifty.com,+356 529 184 3373
1140,Mcneil,Karen,jennifercaldwell@yahoo.com,+1 728 271 1751
993,Zollner,Fritz,fzollnerrk@auda.org.au,+503 587 563 5453
1519,Martinez,Cassandra,oliviahampton@mills.com,+44 702 747 3788
1300,Hurley,Christopher,vharris@edwards.com,+44 646 312 4695
607,Kleinplatz,Johannes,jkleinplatzgu@bandcamp.com,+386 700 467 1201
181,Presslie,Dulcy,dpresslie50@jalbum.net,+967 398 588 3918
302,Phinn,Fredrika,fphinn8d@yelp.com,+242 662 284 5129
497,Avrahm,Howard,havrahmds@google.co.jp,+1 173 269 1028
1341,Patterson,Debra,bradleytheresa@yahoo.com,+49 642 253 1608
1305,Young,Emily,tomramirez@gmail.com,+49 682 494 2635
1285,Davis,Dustin,ekhan@gmail.com,+34 782 589 8096
518,Gymblett,Addy,agymbletted@mediafire.com,+7 722 985 9172
1070,Maldonado,Willie,christophercurtis@rowe.info,+33 622 758 2860
477,Comizzoli,Joshua,jcomizzolid8@creativecommons.org,+86 132 440 7227
158,Walch,Jacky,jwalch4d@arstechnica.com,+62 728 809 0329
1196,Hill,Timothy,williamsgabriel@wilson.com,+1 690 351 9003
17,Baynom,Kennie,kbaynomg@thetimes.co.uk,+220 470 726 2287
1073,Robinson,Keith,sydney60@wolf-jenkins.com,+49 758 812 4219
1533,Garza,George,kenneth60@morgan.com,+34 709 422 6399
547,Staddom,Harland,hstaddomf6@blogspot.com,+351 281 370 8522
659,Cherm,Levin,lchermia@alexa.com,+84 236 332 1040
1274,Walter,Jennifer,armstrongjohn@conway.net,+33 733 530 4829
1020,Hubbard,Benjamin,april97@garcia.net,+33 797 676 2134
1306,Murray,Guy,robert91@smith-stephens.com,+1 790 310 8822
960,Halsey,Winifield,whalseyqn@mozilla.org,+63 913 577 9919
1462,Tapia,Alyssa,williamodonnell@hotmail.com,+34 767 115 6091
284,Whale,Willy,wwhale7v@usatoday.com,+593 931 827 1954
798,Drepp,Wini,wdreppm5@telegraph.co.uk,+27 869 110 9495
226,Romeo,Wilow,wromeo69@mediafire.com,+48 525 237 4035
27,Aronow,Hill,haronowq@wordpress.com,+998 610 642 2759
438,Faccini,Jannel,jfaccinic5@globo.com,+375 148 930 3693
1513,Walker,Stephen,simonelizabeth@graham.com,+33 615 286 6819
230,Munro,Mozes,mmunro6d@godaddy.com,+7 821 127 8780
38,Ladbury,Isiahi,iladbury11@ow.ly,+351 946 178 3427
750,Meert,Rosalind,rmeertkt@yelp.com,+58 849 188 0233
1046,Mendoza,Marc,emills@hotmail.com,+49 618 592 2954
470,Glen,Izaak,iglend1@wikispaces.com,+7 747 152 5882
1328,Young,Briana,jordanjohn@glover.com,+49 666 980 5859
1529,Mcneil,Cassie,browncrystal@yahoo.com,+1 628 333 3371
688,Hartridge,Burlie,bhartridgej3@mysql.com,+81 870 356 9788
1431,Vasquez,Gina,margaret15@floyd.info,+1 728 868 9253
640,Garthland,Harmonie,hgarthlandhr@un.org,+86 429 378 9516
1344,Hodge,Zachary,lisalove@gmail.com,+49 741 498 7824
1219,Wright,Daniel,rkim@wolfe-bradshaw.net,+49 690 339 9980
1159,Garcia,Tracy,todd59@gmail.com,+49 642 733 9387
1299,Clark,Michelle,margaretwilliams@yahoo.com,+44 726 516 9088
1416,Moore,Samuel,ataylor@gmail.com,+33 646 380 3307
801,Emmott,Christine,cemmottm8@about.me,+86 322 586 7296
161,Grute,Nils,ngrute4g@ebay.co.uk,+62 528 956 4871
957,Beckers,Lurette,lbeckersqk@scribd.com,+48 767 367 6148
1187,Pace,Kenneth,ruizryan@warner.com,+1 685 310 7657
822,Maciocia,Brockie,bmaciociamt@cam.ac.uk,+62 804 990 1828
1320,Underwood,Michael,djohnston@hotmail.com,+1 647 307 1753
878,Turford,Nyssa,nturfordod@cmu.edu,+62 347 262 1033
914,Hackwell,Cyril,chackwellpd@upenn.edu,+52 724 714 5671
153,Sallings,Callida,csallings48@example.com,+66 935 899 4444
1426,Phillips,Stanley,cooperdavid@gmail.com,+33 604 209 9135
510,Mattisson,Kennan,kmattissone5@tumblr.com,+351 975 273 0854
1136,Mccall,David,reyesrachael@dalton-faulkner.com,+33 781 426 2673
1251,Ewing,Shannon,bryan47@kelly-boyd.com,+33 626 646 2517
1380,Meyer,Jodi,mcdonalddylan@yahoo.com,+49 627 182 8918
104,Parade,Dilly,dparade2v@discuz.net,+351 721 650 4385
587,Purvess,Lola,lpurvessga@cbslocal.com,+48 594 660 8306
1378,Martinez,Marie,marknash@gmail.com,+33 657 508 4374
1144,Smith,Darryl,alancampbell@walker-vaughan.com,+1 693 889 1647
54,Warby,Carlie,cwarby1h@unc.edu,+62 776 370 8937
152,Trevenu,Yvonne,ytrevenu47@google.fr,+84 740 427 4906
404,Penburton,Nicki,npenburtonb7@sourceforge.net,+963 587 118 2656
1510,Stewart,Stephen,vpeters@lloyd.com,+34 634 730 9965
208,Mulberry,Brock,bmulberry5r@mlb.com,+86 129 757 6098
1470,Stone,Erin,qbrown@hotmail.com,+49 700 878 1665
1123,Deleon,Justin,daniel75@briggs.com,+49 648 131 3437
1449,Gibson,Matthew,sara11@coleman.com,+49 698 284 4796
9,Ballston,Elaine,eballston8@springer.com,+380 811 824 1864
1015,Suarez,Jon,leejennifer@gmail.com,+34 783 658 2873
1396,Lopez,Tracy,gonzalesjohn@hotmail.com,+49 727 641 6407
1061,Cooley,Gerald,ngonzalez@lindsey.info,+34 708 452 5890
453,Bonifazio,Shaun,sbonifaziock@hc360.com,+234 878 742 4715
254,Thomesson,Kym,kthomesson71@hatena.ne.jp,+383 690 871 2024
897,Wildman,Bertie,bwildmanow@accuweather.com,+381 272 855 1453
1358,Swanson,Anna,chaneyshawn@clark.net,+49 703 912 3869
881,Hoogendorp,Vicki,vhoogendorpog@tuttocitta.it,+7 973 128 7356
1466,Grant,John,markspaul@yahoo.com,+44 672 714 3293
624,Grimbaldeston,Fairleigh,fgrimbaldestonhb@craigslist.org,+234 483 434 0012
346,Ronchi,Fredek,fronchi9l@alexa.com,+420 293 513 9756
1336,Meyer,Dana,kelly49@yahoo.com,+34 668 781 4394
263,Brimble,Sena,sbrimble7a@pinterest.com,+7 810 407 0281
151,Leeson,Ernesto,eleeson46@tripadvisor.com,+55 609 726 8199
473,Cestard,Grace,gcestardd4@soup.io,+370 954 585 5227
641,Cardon,Veronike,vcardonhs@multiply.com,+351 822 357 5898
1542,Wright,Michele,sandra26@hotmail.com,+44 750 660 5903
1463,Franco,Luke,vanessa13@bell.com,+33 637 582 2370
551,MacGauhy,Lesya,lmacgauhyfa@cnet.com,+1 805 309 1137
929,Louisot,Shelli,slouisotps@jiathis.com,+86 114 622 2660
489,McQuade,Fayre,fmcquadedk@soup.io,+86 429 366 1754
1409,Wright,Tammy,sheena03@gmail.com,+34 739 323 9623
1172,Allen,Dana,sharongross@gmail.com,+49 676 366 4624
147,Martschke,Camellia,cmartschke42@house.gov,+1 818 406 5818
403,Compston,Edythe,ecompstonb6@twitter.com,+86 210 378 6566
955,Quittonden,Lyndsie,lquittondenqi@bigcartel.com,+1 262 415 0290
1458,Rosales,Tina,samantha22@obrien.com,+34 740 953 5262
660,Attwater,Terrance,tattwaterib@mayoclinic.com,+7 122 260 6343
464,Perillio,Tova,tperilliocv@ted.com,+86 968 609 2318
187,Lazenby,Bentley,blazenby56@state.gov,+47 535 966 5695
1148,Clark,Sandra,garysolomon@hotmail.com,+44 631 184 8858
1225,Brown,Brian,nreese@hotmail.com,+33 721 127 7096
609,Derrell,Clemence,cderrellgw@zdnet.com,+57 673 476 3815
144,Mielnik,Constantin,cmielnik3z@jiathis.com,+264 785 360 5926
752,Easbie,Marcos,measbiekv@ibm.com,+7 815 445 8110
982,Conlaund,Adore,aconlaundr9@columbia.edu,+48 867 443 3326
198,Pepin,Trumaine,tpepin5h@goo.gl,+86 413 826 3991
884,Fettes,Renate,rfettesoj@com.com,+358 571 954 9900
280,Bickerton,Eugenio,ebickerton7r@alibaba.com,+86 467 916 0436
294,Denial,Gladi,gdenial85@google.nl,+380 841 607 9245
1417,Thomas,Kimberly,shannon01@schmidt.com,+33 606 791 4225
401,Durrell,Chancey,cdurrellb4@telegraph.co.uk,+86 865 956 3361
123,Grinyer,Otes,ogrinyer3e@dell.com,+381 747 606 2502
1208,Doyle,Vincent,vaughntodd@huynh-johnston.com,+44 685 353 7027
203,Maxweell,Vic,vmaxweell5m@bloglovin.com,+62 338 328 2501
836,Pattisson,Devonna,dpattissonn7@w3.org,+86 159 500 8945
247,Ivins,Boigie,bivins6u@live.com,+880 183 140 3188
1475,Patterson,Deborah,powelldana@whitaker.info,+1 655 554 7283
1461,Jones,Christopher,mandy11@cox-osborne.com,+49 613 821 1977
1154,Lopez,Catherine,gmartin@hotmail.com,+49 774 965 6172
385,Ewell,Wright,wewellao@cloudflare.com,+95 409 335 1931
1384,Miller,Dwayne,donna60@jacobs-rangel.info,+33 650 109 5656
855,Bernardoni,Leeland,lbernardoninq@ox.ac.uk,+225 850 141 1457
220,Marquot,Hamish,hmarquot63@weebly.com,+967 628 308 0105
642,Pic,Danica,dpicht@hostgator.com,+855 941 446 5631
2,Buessen,Xavier,xbuessen1@tinypic.com,+55 401 153 9579
113,Wisdom,Mariann,mwisdom34@cnbc.com,+33 630 321 3930
699,Romer,Melitta,mromerje@businessweek.com,+86 892 992 6741
1484,Carpenter,Evan,bishopsandra@guerrero.info,+49 652 532 6065
952,Rubinlicht,Aarika,arubinlichtqf@nature.com,+46 940 202 2221
1367,Mueller,Marissa,coffeyjason@gmail.com,+34 750 529 3954
1292,Gregory,Tina,april07@hall.com,+1 665 952 2399
1406,Johnson,Priscilla,thomasmaria@gmail.com,+44 685 421 7173
442,Da Costa,Cathrin,cdacostac9@phpbb.com,+1 313 300 4583
1137,Braun,Megan,kennethcallahan@hotmail.com,+1 641 245 1166
1257,Thompson,Taylor,perezpeter@gmail.com,+44 714 543 2863
664,Griffoen,Isahella,igriffoenif@bing.com,+62 412 682 7363
1425,Watts,Erin,kathymedina@howard.biz,+1 778 742 8456
1258,Rios,Dylan,dlawson@gmail.com,+49 785 724 5253
1381,Nolan,Shaun,fbrown@scott.biz,+33 770 852 9804
318,Spondley,Ola,ospondley8t@nydailynews.com,+86 676 945 6463
649,Delafoy,Agustin,adelafoyi0@foxnews.com,+7 410 949 6711
710,Slyme,Madison,mslymejp@fda.gov,+82 210 645 9074
1283,Hall,Eric,anna05@yahoo.com,+34 670 301 8563
973,Chinn,Twyla,tchinnr0@google.fr,+20 362 481 7293
628,Marielle,Finn,fmariellehf@fema.gov,+1 608 790 8711
633,Jeavons,Robinett,rjeavonshk@imgur.com,+351 790 350 2573
1307,Mason,Rebecca,hughesamanda@gmail.com,+44 729 962 6947
1249,Bauer,Michael,patrickhawkins@banks.com,+33 795 265 1127
1517,Johnson,Sean,paul34@gmail.com,+49 778 319 1999
1255,Braun,Heather,joshuascott@hotmail.com,+44 780 324 2621
1372,Foster,Maria,joel80@garcia.com,+34 695 843 9693
1355,Clark,Rebecca,ablackburn@thomas.net,+34 704 625 1606
1494,Stone,William,tiffany08@yahoo.com,+44 718 986 6568
1436,Manning,Thomas,kenneth69@cummings-mann.com,+1 632 562 5665
796,Armatidge,Fedora,farmatidgem3@google.pl,+7 208 812 4126
646,Fewtrell,Arnoldo,afewtrellhx@indiegogo.com,+7 465 575 7337
1013,Campbell,Leslie,ruizsamuel@baker.com,+44 608 970 2993
557,Schreiner,Maurice,mschreinerfg@cornell.edu,+86 186 262 4824
682,Blodgetts,Danny,dblodgettsix@bigcartel.com,+66 509 490 9546
578,Badsey,Vitia,vbadseyg1@icq.com,+351 908 779 0861
1110,Henderson,James,sarah40@gmail.com,+33 713 658 5242
1267,Bryant,Kevin,gabrielle47@kelly.org,+44 706 311 7941
1184,Hicks,Katie,bethmiller@ferguson.com,+49 700 551 2776
525,Littlefield,Zelma,zlittlefieldek@tinypic.com,+46 565 317 3655
1060,Mcknight,William,theresa06@cox.com,+1 600 849 2541
541,Heath,Bab,bheathf0@npr.org,+81 249 684 3565
1195,Evans,Krista,marywise@garcia-farrell.com,+49 602 453 9055
749,Goodbanne,Katha,kgoodbanneks@ameblo.jp,+62 564 885 4602
1439,Church,Vincent,janderson@gmail.com,+49 695 579 8146
485,Wandtke,Shermie,swandtkedg@tripod.com,+62 508 163 2528
96,Brizland,Darrin,dbrizland2n@usgs.gov,+7 290 244 9887
1021,Kelley,Jenna,juliemartin@yahoo.com,+44 689 329 3523
564,Puvia,Clarita,cpuviafn@edublogs.org,+63 896 734 2831
1265,Miller,Melissa,melissa15@yahoo.com,+33 691 852 3151
743,Crich,Kincaid,kcrichkm@yolasite.com,+230 372 795 9175
864,Norley,Werner,wnorleynz@dedecms.com,+216 768 551 1760
892,Elia,Hasty,heliaor@shutterfly.com,+86 974 839 8222
1039,Ellis,Juan,lori98@yahoo.com,+1 732 623 7463
207,A'Barrow,William,wabarrow5q@bloglines.com,+86 474 904 1210
393,Strond,Ermengarde,estrondaw@reference.com,+62 143 324 7567
795,Denty,Tannie,tdentym2@japanpost.jp,+27 141 193 1249
871,Janjic,Thatcher,tjanjico6@goodreads.com,+1 217 813 0666
398,Borrie,Aland,aborrieb1@washingtonpost.com,+53 242 531 5929
767,Froschauer,Ram,rfroschauerla@hugedomains.com,+86 203 735 2577
1429,Smith,Neil,dreid@hotmail.com,+33 633 889 4876
1242,Brown,Todd,mariamiller@watson.info,+44 624 933 4608
1029,Compton,Randy,mary98@dyer.org,+44 752 904 6078
643,Atger,Marlo,matgerhu@g.co,+86 107 375 2212
613,Wastall,Jessy,jwastallh0@surveymonkey.com,+229 681 831 5571
961,Gullberg,Bradford,bgullbergqo@oakley.com,+967 598 534 2303
726,Bastin,Curr,cbastink5@cargocollective.com,+86 620 441 4519
684,Baraclough,Kariotta,kbaracloughiz@dell.com,+33 424 991 5503
99,Cherrington,Marley,mcherrington2q@so-net.ne.jp,+62 789 974 8975
805,Rochewell,Byrle,brochewellmc@netlog.com,+86 402 506 1491
407,Skirven,Natassia,nskirvenba@businessweek.com,+689 109 544 8934
503,Wellsman,Mab,mwellsmandy@elpais.com,+81 854 540 7644
1072,Hernandez,Frank,ashley52@williams-adams.com,+49 703 382 7121
1057,Johnson,Lynn,jhoward@gmail.com,+49 630 795 2403
930,Abrahamian,Cordy,cabrahamianpt@shareasale.com,+389 977 691 5767
780,Symmers,Royce,rsymmersln@admin.ch,+7 627 712 7672
201,Cinnamond,Banky,bcinnamond5k@drupal.org,+381 257 907 7766
135,Rabbatts,Roze,rrabbatts3q@ftc.gov,+36 649 118 3523
1052,Stone,David,ralph02@rodgers.info,+49 691 954 5780
41,Finch,Nanni,nfinch14@mediafire.com,+48 307 632 9935
1018,Miller,Brandon,greenthomas@black-ross.info,+33 705 573 8054
231,Aitcheson,Edeline,eaitcheson6e@imdb.com,+66 288 808 0842
379,Muxworthy,Gerik,gmuxworthyai@ebay.co.uk,+62 799 469 1241
289,O'Flynn,Duffie,doflynn80@myspace.com,+86 364 530 2018
419,Crim,August,acrimbm@typepad.com,+7 452 184 1450
392,Henden,Janetta,jhendenav@lycos.com,+967 625 806 6916
593,Corro,Birdie,bcorrogg@taobao.com,+55 718 304 0654
1163,Morgan,Edward,lisacabrera@shepard.com,+34 785 921 4239
1087,Lawson,Andrew,rachel08@dominguez-smith.com,+1 658 116 3341
648,Kalinsky,Curr,ckalinskyhz@webnode.com,+84 659 402 5686
1153,Anderson,Scott,katie53@gmail.com,+34 742 510 3150
1368,Ware,Amanda,medinaeric@gmail.com,+49 745 474 8336
521,Kollatsch,King,kkollatscheg@ftc.gov,+7 705 266 4297
65,Fullstone,Gene,gfullstone1s@cargocollective.com,+33 530 674 4868
15,Willox,Northrup,nwilloxe@reddit.com,+967 515 753 0410
1181,Gilbert,Adam,robinpittman@yahoo.com,+44 672 465 3605
1065,Mcdaniel,Felicia,cpatterson@russell.biz,+34 624 138 3968
493,Rosendorf,Kimmie,krosendorfdo@netscape.com,+236 560 593 2603
380,Farnon,Octavia,ofarnonaj@google.com.br,+86 839 268 8457
188,McGeachie,Mellisent,mmcgeachie57@canalblog.com,+57 954 126 2461
764,Pillinger,Ab,apillingerl7@mac.com,+57 913 506 5220
217,Lamping,Else,elamping60@uol.com.br,+62 982 972 2974
792,Klesel,Erin,eklesellz@bing.com,+58 701 408 9464
1077,Goodwin,Nicole,hoffmanvicki@gmail.com,+1 689 433 8884
879,Stenbridge,Lark,lstenbridgeoe@constantcontact.com,+249 392 296 9839
338,Scarlett,Clair,cscarlett9d@toplist.cz,+86 496 211 3188
720,Sallenger,Rabbi,rsallengerjz@soundcloud.com,+7 213 190 6595
296,Salvati,Birch,bsalvati87@epa.gov,+62 821 798 2463
1017,Walker,Kirsten,joshuabrady@yahoo.com,+44 788 353 6801
1276,Sanders,Jennifer,rreyes@hotmail.com,+49 637 517 7369
456,Laise,Josey,jlaisecn@cbsnews.com,+7 555 340 8375
1554,Smith,Michael,moranphillip@matthews.com,+44 653 932 5015
816,Playden,Shelly,splaydenmn@alibaba.com,+92 188 410 2348
270,Josofovitz,Hillel,hjosofovitz7h@ox.ac.uk,+63 554 654 7790
996,McCreery,Bartolemo,bmccreeryrn@vimeo.com,+57 428 710 3941
202,Tomet,Jule,jtomet5l@fc2.com,+963 925 824 4999
162,Grisdale,Tad,tgrisdale4h@t-online.de,+86 910 718 7871
730,Fauning,Tanney,tfauningk9@timesonline.co.uk,+7 695 959 8232
402,MacSween,Kylen,kmacsweenb5@bbc.co.uk,+52 697 770 3222
703,Gutsell,Zuzana,zgutsellji@abc.net.au,+856 741 620 3149
1130,Liu,Roy,salazarchristine@hotmail.com,+1 797 676 7855
566,Davidai,Netti,ndavidaifp@cargocollective.com,+1 213 646 2704
1414,Day,Kimberly,kmorton@gmail.com,+34 656 526 1047
1022,Beck,Karen,jennifer19@gmail.com,+44 707 997 9238
1026,Weiss,Jennifer,lori41@yahoo.com,+49 737 807 9126
1412,Fuentes,Sara,joshua30@gmail.com,+49 703 767 5694
1105,Vasquez,Misty,hmartin@willis.info,+34 692 311 6942
206,Stanbrooke,Shirley,sstanbrooke5p@ucsd.edu,+86 330 125 9049
35,McLukie,Durand,dmclukiey@ft.com,+351 763 198 7890
776,Kermit,Devora,dkermitlj@prlog.org,+86 628 227 9397
509,Heritege,Fenelia,fheritegee4@usda.gov,+30 637 484 3888
1452,Wilson,Jordan,jthomas@frye.com,+44 723 791 3532
1479,Jones,Shelly,gomezraymond@yahoo.com,+34 686 932 8808
1532,Mccullough,Shelley,beverlycarr@yahoo.com,+44 652 767 2706
1391,King,Stephanie,kelseymoore@thomas-aguirre.info,+34 672 717 3470
92,Sikora,Patty,psikora2j@utexas.edu,+380 114 165 9125
1364,Khan,Destiny,amanda79@hotmail.com,+49 742 533 7061
898,Diamond,Maud,mdiamondox@artisteer.com,+595 848 532 9012
565,Hardbattle,Bev,bhardbattlefo@cpanel.net,+33 377 492 2930
1370,Rodriguez,Thomas,loganvirginia@allen.com,+33 603 594 9320
777,Maggill'Andreis,Lennard,lmaggillandreislk@economist.com,+86 855 222 8629
242,Gordon,Gray,ggordon6p@icio.us,+7 716 756 2892
14,Perocci,Elie,eperoccid@wsj.com,+351 603 109 6146
316,Provis,Brewer,bprovis8r@youku.com,+62 385 533 4455
601,Rittmeier,Benson,brittmeiergo@360.cn,+7 666 916 7634
388,Dionisetti,Melessa,mdionisettiar@clickbank.net,+95 740 294 7364
1298,Chavez,Kristi,zwilliams@townsend-williams.com,+1 655 347 4205
167,Rowan,Colene,crowan4m@instagram.com,+62 147 390 2471
841,Girardot,Jerrylee,jgirardotnc@flickr.com,+685 552 650 3007
21,Werndly,Simeon,swerndlyk@salon.com,+230 954 888 0260
647,Gigg,Melanie,mgigghy@sun.com,+1 132 729 1295
1509,Tucker,Robert,kdelgado@gross-hunt.com,+33 601 394 1151
1155,Mitchell,Andrew,brandonrodriguez@gmail.com,+1 669 555 1968
832,Coker,Olympia,ocokern3@tmall.com,+268 270 621 7734
1268,Rodriguez,Charlotte,jschaefer@diaz-morgan.info,+44 613 352 5234
563,Huitt,Melicent,mhuittfm@eventbrite.com,+86 851 951 4173
1537,Mayo,Samantha,michaelmartinez@fischer.com,+34 719 592 2543
687,Dommerque,Gavrielle,gdommerquej2@exblog.jp,+226 302 930 2529
958,Aronovich,Berti,baronovichql@nps.gov,+63 446 275 6651
190,Peppett,Elia,epeppett59@hatena.ne.jp,+81 819 888 5361
976,Way,Lindsay,lwayr3@vimeo.com,+7 282 773 0834
700,Blackaller,Michelina,mblackallerjf@freewebs.com,+33 863 193 6594
1500,Olson,Mary,lawrencewells@rios.biz,+33 714 944 3936
511,Voyce,Talbert,tvoycee6@shop-pro.jp,+52 667 435 3025
1083,Salinas,Crystal,williamsjacob@lopez.com,+44 731 620 4881
475,Nern,Jeffry,jnernd6@com.com,+86 651 595 9048
857,Hulme,Garvey,ghulmens@photobucket.com,+1 118 291 8849
748,Prys,Hillary,hpryskr@shutterfly.com,+27 561 437 0288
253,Menico,Ana,amenico70@icio.us,+86 791 671 2385
22,O' Sullivan,Alfredo,aosullivanl@mediafire.com,+1 772 135 0723
1338,Novak,Jennifer,williamskathryn@yahoo.com,+44 614 405 3047
460,MacGill,Ethelin,emacgillcr@marketwatch.com,+420 982 852 1749
1185,Valencia,Joseph,cunninghamgregory@gray.com,+49 736 542 7497
277,Larwood,Anton,alarwood7o@fda.gov,+51 864 753 1616
956,Carnock,Major,mcarnockqj@4shared.com,+93 605 642 8731
1216,Howard,Melissa,hillrhonda@brown.org,+49 778 783 3828
386,Dimsdale,Zelig,zdimsdaleap@digg.com,+1 826 461 4286
806,Leader,Jean,jleadermd@g.co,+236 220 267 8258
1438,Day,Kimberly,sarah93@walters.com,+33 643 118 2922
1516,Farmer,Matthew,burchwendy@gmail.com,+49 789 363 4547
344,Levey,Aymer,alevey9j@people.com.cn,+236 212 804 3753
770,Geyton,Tate,tgeytonld@php.net,+234 863 914 3902
1333,Riddle,Jennifer,rittergregory@cooper.com,+33 660 139 7942
131,Holby,Shannan,sholby3m@java.com,+66 178 833 9176
872,Lornsen,Chevalier,clornseno7@webs.com,+504 240 118 2976
1124,Riley,Barbara,carla24@bryant.net,+44 702 225 3059
1397,Smith,Stephanie,jennifer44@yahoo.com,+44 698 969 8044
88,Bottom,Lennard,lbottom2f@goodreads.com,+33 508 463 3363
1483,Gross,Ashley,mary67@bates.com,+33 705 643 9622
331,O'Loughlin,Jewelle,joloughlin96@github.io,+7 751 882 2341
1239,Acosta,Jeffrey,joywalters@bell-travis.org,+49 676 387 3561
467,Dikle,Zed,zdiklecy@blogspot.com,+591 442 962 8285
122,Bangley,Craggie,cbangley3d@wikispaces.com,+63 744 595 9698
1045,Hanna,Steven,bryan@hotmail.com,+49 728 258 6470
1096,Martin,Adam,timothyharris@gmail.com,+1 660 220 9239
1131,Mccarty,Gary,rnguyen@gmail.com,+33 753 698 8548
1295,Brown,Amy,daniel51@sanders-mitchell.com,+33 713 648 6367
861,Jeckells,Tadeo,tjeckellsnw@oakley.com,+57 319 690 3041
1460,Boyd,Christian,paulgarrett@gmail.com,+1 750 356 1346
1127,Hooper,Dawn,jamesgreen@hotmail.com,+34 619 398 1992
